resource_id,resource_name,acronym,official_identity,description,homepage_url,data_access_url,research_areas,keywords,data_product_types,data_formats,visualization_types,geographic_coverage,covers_brazil,spatial_resolution,temporal_coverage,temporal_resolution,data_sources,free_download,access_conditions,programmatic_access,access_protocols,authentication_required,access_documentation_url,license,institutional_status,owner_or_manager,academic_uses,limitations,academic_evidence_type,academic_evidence_url,academic_evidence_note,verification_url,last_verified
DR0001,Plataforma Mineira para Adaptação às Mudanças Climáticas,Clima Gerais,Plataforma e ferramenta de apoio aos municípios mineiros,Indicadores territoriais de vulnerabilidade e adaptação climática em Minas Gerais.,https://clima-gerais.meioambiente.mg.gov.br/,https://clima-gerais.meioambiente.mg.gov.br/vulnerabilidade-territorial,Ciências Ambientais e Ecologia | Clima e Ciências Atmosféricas | Planejamento Territorial e Políticas Públicas,clima | mudanças climáticas | vulnerabilidade,mapas | indicadores | visualizações,visualização web | varia conforme o produto,mapa interativo | dashboard | gráficos,estadual — Minas Gerais,sim,varia conforme o indicador,varia conforme o indicador,varia conforme o indicador,dados governamentais | indicadores compostos,parcial,aberto,desconhecido,não documentado,desconhecido,,não localizada,público,FEAM / SISEMA / Governo de Minas Gerais,"Ensino e planejamento territorial sobre vulnerabilidade climática, adaptação municipal e emissões locais.","Conteúdo institucional real, mas a página exibe rodapé 2014–15; confirmar a data de atualização de cada indicador antes do uso.",documentação oficial,https://clima-gerais.meioambiente.mg.gov.br/,A documentação oficial sustenta o uso em planejamento e ensino; não foi localizada publicação específica robusta sobre a plataforma nesta rodada.,https://clima-gerais.meioambiente.mg.gov.br/,2026-08-10
DR0002,Infraestrutura de Dados Espaciais do Sistema Estadual de Meio Ambiente e Recursos Hídricos,IDE-SISEMA,Infraestrutura de Dados Espaciais do SISEMA,Catálogo e visualizador de camadas ambientais e territoriais de Minas Gerais.,https://geoportal.meioambiente.mg.gov.br/,https://visualizador.idesisema.meioambiente.mg.gov.br/,Ciências Ambientais e Ecologia | Sensoriamento Remoto e Geoinformação | Planejamento Territorial e Políticas Públicas,meio ambiente | recursos hídricos | vegetação | uso da terra,camadas geoespaciais | mapas | metadados,formatos geoespaciais variados; consultar metadados por recurso,mapa interativo | geovisualização,estadual — Minas Gerais,sim,varia conforme a camada,varia conforme a camada,varia conforme a camada,órgãos estaduais | levantamentos | sensoriamento remoto,sim,aberto,sim,WMS | WFS | WCS | CSW,não,https://geoportal.meioambiente.mg.gov.br/webservices,varia conforme a camada,público,SISEMA / Governo de Minas Gerais,"Obter camadas oficiais de Minas Gerais para SIG, planejamento ambiental, licenciamento, ensino e pesquisa territorial.","Escala, atualização, formato e licença devem ser conferidos na camada e no respectivo metadado.",artigo revisado por pares,https://doi.org/10.24857/rgsa.v19n1-067,Aplicação acadêmica da IDE-SISEMA na análise de outorgas e registros de recursos hídricos.,https://geoportal.meioambiente.mg.gov.br/,2026-08-10
DR0003,AdaptaBrasil MCTI,AdaptaBrasil,Sistema de Informações e Análises sobre Impactos das Mudanças do Clima,Sistema de informações sobre riscos de impactos das mudanças climáticas no Brasil.,https://adaptabrasil.mcti.gov.br/,https://sistema.adaptabrasil.mcti.gov.br/,Ciências Ambientais e Ecologia | Clima e Ciências Atmosféricas | Planejamento Territorial e Políticas Públicas,clima | mudanças climáticas | risco | adaptação,indicadores | mapas | séries | relatórios,visualização web | tabelas | varia conforme o produto,mapa interativo | dashboard | gráficos,nacional — Brasil,sim,varia conforme o indicador,presente e cenários futuros; varia conforme o indicador,varia conforme o indicador,modelos climáticos | dados socioambientais | indicadores compostos,parcial,aberto,desconhecido,não documentado,desconhecido,https://adaptabrasil.mcti.gov.br/sobre/termos-de-uso,CC BY-SA; versão não especificada na página oficial consultada,público,MCTI / INPE / RNP,"Analisar risco, ameaça, exposição e vulnerabilidade climática em municípios e apoiar ensino, pesquisa e planejamento de adaptação.",Os indicadores são compostos e voltados ao planejamento de longo prazo; não representam previsão de eventos de curto prazo.,artigo técnico,https://doi.org/10.5753/compbr.2023.50.3910,Artigo descreve o AdaptaBrasil como plataforma de análise de impactos climáticos e apoio à decisão.,https://adaptabrasil.mcti.gov.br/index.php/sobre,2026-08-10
DR0004,Sistema de Registro Nacional de Emissões,SIRENE,Sistema oficial de registro e transparência de emissões e remoções de gases de efeito estufa,Sistema oficial brasileiro de informações sobre emissões e remoções de gases de efeito estufa.,https://www.gov.br/mcti/pt-br/acompanhe-o-mcti/sirene,https://www.gov.br/mcti/pt-br/acompanhe-o-mcti/sirene,Ciências Ambientais e Ecologia | Clima e Ciências Atmosféricas | Planejamento Territorial e Políticas Públicas,carbono | emissões | mudanças climáticas,inventários | tabelas | gráficos | séries temporais,XLSX | CSV | PDF | visualização web; varia conforme o produto,dashboard | gráficos | tabelas,nacional — Brasil,sim,nacional e setores; varia conforme o produto,1990 em diante; varia conforme a edição,anual ou plurianual,inventários nacionais | estatísticas setoriais | modelos,sim,aberto,desconhecido,não documentado,desconhecido,,dados públicos; licença específica não localizada,público,MCTI,"Consultar inventários nacionais e estaduais, séries de emissões e remoções e materiais de apoio à política climática.","Cobertura, ano final e nível de desagregação variam entre inventários, painéis e módulos.",documentação técnica oficial,https://www.gov.br/mcti/pt-br/acompanhe-o-mcti/sirene,"A evidência técnica oficial documenta inventários e séries de emissões; a literatura localizada usa os resultados, mas raramente descreve o sistema.",https://www.gov.br/mcti/pt-br/acompanhe-o-mcti/sirene,2026-08-10
DR0005,Centro Nacional de Monitoramento e Alertas de Desastres Naturais,CEMADEN,Centro nacional de monitoramento e alertas de desastres naturais,"Monitoramento e alertas de riscos hidrológicos, geológicos e de seca no Brasil.",https://www.gov.br/cemaden/pt-br,https://www.gov.br/cemaden/pt-br/assuntos/dados-abertos,Ciências Ambientais e Ecologia | Clima e Ciências Atmosféricas | Recursos Hídricos e Oceanografia | Planejamento Territorial e Políticas Públicas,clima | hidrologia | desastres | seca,alertas | mapas | séries de estações | relatórios,CSV | mapas | PDF | serviços web; varia conforme o produto,mapa interativo | dashboard | gráficos,nacional — Brasil,sim,estações e grades; varia conforme o produto,varia conforme a rede e o produto,subdiária | diária | mensal; varia,estações automáticas | radar | satélite | modelos,parcial,aberto | alguns dados mediante solicitação,parcial,serviços web e downloads; variam por produto,parcial,,não localizada,público,CEMADEN / MCTI,"Usar séries observacionais, mapas, boletins e alertas em estudos de hidrologia, seca, meteorologia e riscos geo-hidrológicos.","Disponibilidade, método e condições de uso variam por produto; dados brutos da rede disponibilizados no Mapa Interativo podem não ter passado por tratamento e podem conter inconsistências.",artigo revisado por pares,https://doi.org/10.1590/0001-3765201720170209,Uso de dados e indicadores do CEMADEN no monitoramento de seca no semiárido brasileiro.,https://www.gov.br/cemaden/pt-br,2026-08-10
DR0006,PANORAMA — Infraestrutura de Dados Espaciais do CENSIPAM,PANORAMA,Infraestrutura de Dados Espaciais do CENSIPAM,"Visualização e monitoramento territorial da Amazônia, incluindo fogo, hidrologia e meteorologia.",https://panorama.sipam.gov.br/,https://panorama.sipam.gov.br/home,Ciências Ambientais e Ecologia | Sensoriamento Remoto e Geoinformação | Planejamento Territorial e Políticas Públicas,fogo | clima | hidrologia | Amazônia,mapas | alertas | indicadores | séries,formatos geoespaciais e tabulares variados,mapa interativo | geovisualização | dashboard,regional — Amazônia,sim,varia conforme o produto,varia conforme o produto,quase em tempo real a periódica,satélite | estações | modelos | dados governamentais,parcial,consulta pública; APIs específicas podem exigir solicitação e chaves,parcial,serviços OGC e downloads; variam por produto,parcial,https://panorama.sipam.gov.br/api/meteorologia/v1,não localizada,público,CENSIPAM / Ministério da Defesa,"Monitorar fogo, meteorologia, hidrologia e dinâmica territorial da Amazônia em ensino, extensão e pesquisa aplicada.",Os painéis combinam fontes e periodicidades distintas; registrar o produto e a data de extração. A API de meteorologia exige solicitação e duas chaves de acesso.,artigo revisado por pares,https://doi.org/10.5380/raega.v60i0.95566,Uso de painéis e dados de ocorrências de fogo associados ao monitoramento federal.,https://panorama.sipam.gov.br/,2026-08-10
DR0007,UrbVerde,UrbVerde,Plataforma de inteligência territorial para sustentabilidade urbana,"Plataforma de indicadores socioambientais urbanos, vegetação e temperatura de superfície.",https://urbverde.iau.usp.br/,https://urbverde.iau.usp.br/,Ciências Ambientais e Ecologia | Sensoriamento Remoto e Geoinformação | Planejamento Territorial e Políticas Públicas,vegetação | urbanização | clima urbano | uso da terra,mapas | indicadores | relatórios municipais,visualização web | PDF | formatos variados,mapa interativo | dashboard | gráficos,municipal e nacional — Brasil,sim,varia conforme o indicador,varia conforme o indicador,varia conforme o indicador,sensoriamento remoto | dados censitários | modelos,parcial,aberto,não,não se aplica,não se aplica,,não localizada,acadêmico,IAU / Universidade de São Paulo,"Comparar vegetação urbana, temperatura de superfície e indicadores socioambientais de municípios brasileiros.","Indicadores derivados de sensoriamento remoto e dados públicos; verificar metodologia, período e cobertura de cada módulo.",documentação oficial,https://urbverde.iau.usp.br/,A documentação oficial sustenta indicadores urbanos; não foi localizada publicação metodológica específica robusta nesta rodada.,https://urbverde.iau.usp.br/,2026-08-10
DR0008,Portal Brasileiro de Dados Abertos,dados.gov.br,Portal Brasileiro de Dados Abertos e Catálogo Nacional de Dados,Catálogo central de conjuntos de dados publicados por órgãos públicos brasileiros.,https://dados.gov.br/,https://dados.gov.br/dados/conjuntos-dados,Infraestruturas e Ciência de Dados | Planejamento Territorial e Políticas Públicas,multitemático | meio ambiente | clima | biodiversidade,metadados | datasets | links para serviços,CSV | JSON | XML | XLSX | formatos variados,busca tabular | pré-visualização de metadados,nacional — Brasil,sim,varia conforme o conjunto,varia conforme o conjunto,varia conforme o conjunto,órgãos públicos brasileiros,sim,dados abertos; catálogo web pode exigir login gov.br,sim,REST API,parcial,https://dados.gov.br/swagger-ui/index.html,varia conforme o conjunto,público,Governo Federal do Brasil,"Descobrir conjuntos de dados governamentais brasileiros e localizar arquivos, serviços e metadados para pesquisa e ensino.","O portal é um catálogo; qualidade, atualização, licença e persistência dependem do órgão publicador.",documentação técnica oficial,https://dados.gov.br/,O portal é usado como infraestrutura de descoberta; formatos e condições dependem de cada órgão publicador.,https://dados.gov.br/,2026-08-10
DR0009,Global Biodiversity Information Facility,GBIF,Rede internacional e infraestrutura de dados de biodiversidade,"Infraestrutura global de acesso a registros de ocorrência, taxonomia e datasets de biodiversidade.",https://www.gbif.org/,https://www.gbif.org/occurrence/search,Biodiversidade e Conservação | Infraestruturas e Ciência de Dados,biodiversidade | espécies | taxonomia,ocorrências | checklists | eventos de amostragem | metadados,Darwin Core Archive | CSV | JSON,mapa interativo | gráficos | busca tabular,global,sim,ponto de ocorrência; varia conforme o dataset,histórica ao presente; varia conforme o dataset,evento a séries; varia,coleções | literatura | ciência cidadã | monitoramento,sim,aberto | cadastro para downloads processados,sim,REST API | Darwin Core Archive | clientes R e Python,parcial,https://techdocs.gbif.org/en/openapi/,varia por dataset; metadados abertos,consórcio,GBIF Secretariat e rede de participantes,"Acessar ocorrências, listas de espécies, eventos de amostragem e metadados para biogeografia, conservação e modelagem de distribuição.","Qualidade, viés amostral, precisão espacial e licença variam por dataset; downloads processados exigem conta.",artigo revisado por pares,https://doi.org/10.17161/bi.v8i2.4124,"Avalia conteúdo, lacunas, qualidade e potencial de uso dos dados primários publicados pela rede GBIF.",https://www.gbif.org/what-is-gbif,2026-08-10
DR0010,MapBiomas Brasil,MapBiomas,Rede colaborativa que produz mapas e dados anuais de cobertura e uso da terra,Mapeamento anual da cobertura e uso da terra e produtos ambientais derivados para o Brasil.,https://brasil.mapbiomas.org/,https://plataforma.brasil.mapbiomas.org/,"Ciências Ambientais e Ecologia | Agricultura, Florestas e Uso da Terra | Sensoriamento Remoto e Geoinformação",uso da terra | vegetação | fogo | água | solo | carbono,mapas raster | estatísticas | alertas | séries anuais,GeoTIFF | CSV | assets Google Earth Engine,mapa interativo | geovisualização | gráficos | dashboard,nacional — Brasil,sim,30 m na Coleção 10.1; varia conforme o produto,1985–2024 na Coleção 10.1; varia conforme o produto,anual | mensal; varia,Landsat | Sentinel | modelos | validação amostral,sim,aberto | atribuição requerida,sim,Google Earth Engine | scripts JavaScript e Python | download HTTP,sim,https://brasil.mapbiomas.org/downloads/,CC BY; atribuição da fonte obrigatória,consórcio,Rede MapBiomas,"Analisar mudanças de uso e cobertura da terra, vegetação, fogo, água, solo e estatísticas territoriais do Brasil.","A Coleção 10.1 cobre 1985–2024; coleção, produto, método e legenda devem ser registrados em cada análise.",artigo revisado por pares,https://doi.org/10.3390/rs12172735,Descrição metodológica e aplicação das coleções MapBiomas para séries anuais de cobertura e uso da terra.,https://brasil.mapbiomas.org/produtos/,2026-08-10
DR0011,TerraBrasilis,TerraBrasilis,Plataforma de dados geográficos,Portal de acesso a dados de monitoramento da vegetação nativa produzidos pelo INPE.,https://terrabrasilis.dpi.inpe.br/,https://terrabrasilis.dpi.inpe.br/,"Ciências Ambientais e Ecologia | Agricultura, Florestas e Uso da Terra | Sensoriamento Remoto e Geoinformação",desmatamento | vegetação | uso da terra | Amazônia | Cerrado,mapas | alertas | estatísticas | dados vetoriais,Shapefile | GeoPackage | GeoTIFF | CSV | formatos variados,mapa interativo | geovisualização | gráficos | dashboard,"nacional — Brasil, com foco Amazônia e Cerrado",sim,"varia conforme PRODES, DETER e demais produtos",varia conforme o programa,diária a anual; varia,sensoriamento remoto | interpretação e modelagem INPE,sim,aberto,sim,REST API | OGC WMS/WFS | GeoNetwork,parcial,https://terrabrasilis.dpi.inpe.br/geonetwork/srv/api,licenças e termos do INPE,público,INPE / MCTI,"Acessar dados oficiais de monitoramento da vegetação nativa, especialmente PRODES e DETER, para análise de desmatamento e alertas.",PRODES e DETER respondem a objetivos diferentes e não devem ser tratados como séries equivalentes.,documentação técnica oficial,https://terrabrasilis.dpi.inpe.br/,"A infraestrutura oficial documenta acesso a PRODES, DETER e outros produtos; cada produto exige citação própria.",https://terrabrasilis.dpi.inpe.br/,2026-08-10
DR0012,Programa Queimadas / Banco de Dados de Queimadas,BDQueimadas,Programa de monitoramento por satélites e Banco de Dados de Queimadas,"Monitoramento operacional de focos de calor, risco de fogo e áreas queimadas.",https://terrabrasilis.dpi.inpe.br/queimadas/portal/,https://terrabrasilis.dpi.inpe.br/queimadas/portal/pages/secao_downloads/dados-abertos/,Ciências Ambientais e Ecologia | Clima e Ciências Atmosféricas | Sensoriamento Remoto e Geoinformação,fogo | vegetação | clima,focos de calor | risco de fogo | mapas | séries,CSV | KML | TIFF | Shapefile,mapa interativo | geovisualização | gráficos | dashboard,Brasil e América do Sul; produtos globais selecionados,sim,varia conforme o satélite e produto,1998–presente para a série histórica de focos; varia conforme o produto,subdiária | diária | mensal,satélites meteorológicos e de observação da Terra | modelos,sim,acesso público; filtros e exportação pela interface; serviços OGC disponíveis,sim,OGC WMS/WFS | exportação filtrada,não,https://terrabrasilis.dpi.inpe.br/queimadas/portal/informacoes/perguntas-frequentes/,dados públicos; citar o Programa Queimadas/INPE,público,INPE / MCTI,"Consultar focos de calor, risco de fogo e produtos de área queimada para estudos ambientais e monitoramento operacional.","Foco de calor não é sinônimo de incêndio nem de área queimada; sensor, produto e data devem ser registrados.",artigo revisado por pares,https://doi.org/10.5380/raega.v60i0.95566,Exemplo de uso científico de dados e painéis de ocorrências de fogo; focos não equivalem a área queimada.,https://terrabrasilis.dpi.inpe.br/queimadas/portal/informacoes/perguntas-frequentes/,2026-08-10
DR0013,speciesLink,speciesLink,Rede de informação que integra dados de coleções científicas,"Rede de dados de coleções biológicas e registros de ocorrência, com foco no Brasil.",https://specieslink.net/,https://specieslink.net/search/,Biodiversidade e Conservação | Infraestruturas e Ciência de Dados,biodiversidade | espécies | coleções biológicas,ocorrências | registros de coleção | mapas | indicadores,CSV | Darwin Core | JSON | GeoJSON; varia conforme a ferramenta,mapa interativo | busca tabular | gráficos,Brasil e América do Sul,sim,ponto de ocorrência; precisão variável,histórica ao presente,por registro,coleções científicas | universidades | museus,sim,aberto,sim,REST API | HTTP GET | exportação tabular,parcial,https://specieslink.net/ws/1.0/,CC BY 4.0 para dados textuais da rede | CC BY-SA 4.0 para imagens | condições adicionais podem existir por coleção,consórcio acadêmico,CRIA e rede de coleções,"Consultar registros de coleções biológicas brasileiras e sul-americanas para taxonomia, biogeografia e história natural.","Precisão e completude dependem da coleção; a API exige apikey; condições adicionais de citação, redistribuição ou uso podem existir por coleção.",artigo revisado por pares,https://doi.org/10.1371/journal.pbio.1002204,"Descreve a importância de e-infraestruturas de biodiversidade, incluindo speciesLink, para países megadiversos.",https://specieslink.net/data_sharing_policy,2026-08-10
DR0014,Sistema de Informação sobre a Biodiversidade Brasileira,SiBBr,Sistema de Informação sobre a Biodiversidade Brasileira,Infraestrutura nacional para integração e acesso a dados sobre biodiversidade brasileira.,https://www.sibbr.gov.br/,https://www.sibbr.gov.br/,Biodiversidade e Conservação | Infraestruturas e Ciência de Dados,biodiversidade | espécies | ecossistemas,ocorrências | datasets | metadados | indicadores,Darwin Core | CSV | formatos variados,mapa interativo | busca tabular | dashboard,nacional — Brasil,sim,varia conforme o dataset,varia conforme o dataset,varia conforme o dataset,coleções | pesquisa | monitoramento | órgãos públicos,sim,aberto,desconhecido,não documentado,desconhecido,,varia conforme o dataset,público,MCTI / Governo Federal,"Localizar dados brasileiros de biodiversidade, ocorrências, coleções, projetos e metadados para ensino e pesquisa.",Parte do conteúdo também circula no GBIF; evitar contar o mesmo dataset duas vezes.,documentação técnica oficial,https://www.sibbr.gov.br/,A documentação sustenta o papel do SiBBr na integração nacional; evitar dupla contagem com registros também publicados no GBIF.,https://www.sibbr.gov.br/,2026-08-10
DR0015,Banco de Dados e Informações Ambientais,BDiA,Banco de Dados e Informações Ambientais,"Base temática do IBGE sobre geologia, geomorfologia, pedologia e vegetação.",https://bdiaweb.ibge.gov.br/,https://bdiaweb.ibge.gov.br/,"Ciências Ambientais e Ecologia | Geociências, Solos e Geografia Física | Sensoriamento Remoto e Geoinformação",solo | vegetação | geologia | geomorfologia,mapas | camadas | descrições | dados temáticos,Shapefile | GeoPackage | PDF | formatos variados,mapa interativo | geovisualização | busca tabular,nacional — Brasil,sim,varia conforme o tema e levantamento,levantamentos históricos e atuais; varia,não se aplica ou varia,levantamentos de campo | cartografia | sensoriamento remoto,sim,aberto,desconhecido,não documentado,desconhecido,https://www.ibge.gov.br/geociencias/informacoes-ambientais/vegetacao/23382-banco-de-informacoes-ambientais.html?lang=pt-BR,licença de uso dos dados do IBGE,público,IBGE,"Obter informações oficiais de geologia, geomorfologia, pedologia e vegetação do Brasil para análise territorial e ambiental.","Para dados vetoriais, registrar escala cartográfica e fonte do levantamento, não apenas resolução aparente.",documentação técnica oficial,https://bdiaweb.ibge.gov.br/,A evidência oficial documenta temas e downloads; escala e levantamento precisam ser verificados por camada.,https://www.ibge.gov.br/geociencias/informacoes-ambientais/vegetacao/23382-banco-de-informacoes-ambientais.html?lang=pt-BR,2026-08-10
DR0016,Cadastro Nacional de Unidades de Conservação,CNUC,Cadastro Nacional de Unidades de Conservação,Base oficial das unidades de conservação integrantes do Sistema Nacional de Unidades de Conservação.,https://www.gov.br/mma/pt-br/composicao/sbio/dap/cadastro-nacional-de-ucs/cadastro-nacional-de-ucs,https://cnuc.mma.gov.br/,Biodiversidade e Conservação | Planejamento Territorial e Políticas Públicas | Sensoriamento Remoto e Geoinformação,áreas protegidas | conservação | biodiversidade,cadastros | polígonos | tabelas | painéis,CSV | PDF | Shapefile | KML,mapa interativo | dashboard | busca tabular,nacional — Brasil,sim,limites vetoriais; precisão variável,situação vigente; conjunto atualizado em março de 2026,não se aplica,cadastros de órgãos gestores,sim,gratuito e aberto; consulta pública sem login; área restrita separada para gestores,parcial,CKAN API | HTTP download,não,https://www.gov.br/pt-br/servicos/obter-informacoes-sobre-as-unidades-de-conservacao-ambiental-nacionais,Creative Commons Atribuição,público,MMA e órgãos gestores do SNUC,"Consultar cadastro, situação e limites das unidades de conservação brasileiras para pesquisa, planejamento e conservação.",Limites e situação administrativa mudam; registrar a data de extração e o órgão responsável pelo cadastro.,documentação técnica oficial,https://dados.gov.br/dados/conjuntos-dados/unidadesdeconservacao,O conjunto oficial permite uso em estudos territoriais e de conservação; limites devem ser associados à data de extração.,https://www.gov.br/pt-br/servicos/obter-informacoes-sobre-as-unidades-de-conservacao-ambiental-nacionais,2026-08-10
DR0017,Sistema Nacional de Informações sobre Recursos Hídricos / HidroWeb,SNIRH / HidroWeb,Sistema Nacional de Informações sobre Recursos Hídricos e ferramenta HidroWeb,Acesso a estações e séries hidrometeorológicas brasileiras.,https://www.snirh.gov.br/hidroweb/,https://www.snirh.gov.br/hidroweb/,Recursos Hídricos e Oceanografia | Clima e Ciências Atmosféricas,hidrologia | clima | recursos hídricos,séries de estações | inventário de estações | mapas,CSV | TXT; varia,mapa interativo | gráficos | busca tabular,nacional — Brasil,sim,ponto de estação e bacias,histórica ao presente; varia por estação,subdiária | diária | mensal,estações fluviométricas | pluviométricas | qualidade da água,sim,downloads públicos | API mediante solicitação de credenciais,sim,REST API | download tabular,parcial,https://www.snirh.gov.br/hidroweb/acesso-api,licença específica não localizada; informações públicas da ANA,público,Agência Nacional de Águas e Saneamento Básico,"Obter séries fluviométricas, pluviométricas, meteorológicas e de qualidade da água por estação e bacia.","Falhas, mudanças de estação, consistência e período efetivo precisam ser avaliados; a API requer credenciais solicitadas à ANA.",artigo revisado por pares,https://doi.org/10.5216/ag.v10i3.35554,Avalia a qualidade e completude de séries hidrológicas disponibilizadas no HidroWeb/ANA.,https://www.gov.br/ana/pt-br/assuntos/gestao-das-aguas/politica-nacional-de-recursos-hidricos/sistema-de-informacoes-sobre-recursos-hidricos/sistema-nacional-de-informacoes-sobre-recursos-hidricos,2026-08-10
DR0018,Banco de Dados Meteorológicos do INMET,BDMEP,Banco de Dados Meteorológicos do INMET,Séries históricas observacionais das estações meteorológicas do INMET.,https://bdmep.inmet.gov.br/,https://bdmep.inmet.gov.br/,Clima e Ciências Atmosféricas,clima | meteorologia,séries de estações | tabelas,CSV,busca tabular | gráficos,nacional — Brasil,sim,ponto de estação,varia por estação,horária | diária | mensal; varia,estações meteorológicas convencionais e automáticas,sim,"download anual imediato | consulta personalizada com e-mail confirmado, seleção de estação/período/variáveis e fila; link temporário por 48 h",não,HTTP download,parcial,,termos do INMET,público,INMET,"Obter séries meteorológicas históricas de estações brasileiras para climatologia, ecologia e validação de dados remotos.","Requer confirmação por e-mail; cobertura, horários, instrumentos e completude variam; o link gerado expira em 48 horas.",artigo revisado por pares,https://doi.org/10.1371/journal.pone.0245834,Exemplo de emprego de séries do INMET em modelagem climática e evapotranspiração no Brasil.,https://bdmep.inmet.gov.br/,2026-08-10
DR0019,Google Earth Engine Data Catalog,GEE,Catálogo de dados do Google Earth Engine,Catálogo e ambiente de processamento em nuvem para dados geoespaciais.,https://developers.google.com/earth-engine/datasets,https://developers.google.com/earth-engine/datasets,Sensoriamento Remoto e Geoinformação | Infraestruturas e Ciência de Dados,sensoriamento remoto | clima | vegetação | solo | água,imagens | coleções raster e vetoriais | modelos derivados,GeoTIFF | CSV | Shapefile | GeoJSON | KML | KMZ | TFRecord; varia conforme a exportação,mapa interativo | geovisualização | pré-visualização de imagens,global,sim,varia conforme o dataset,varia conforme o dataset,varia conforme o dataset,agências espaciais | governos | pesquisa | provedores diversos,parcial,"projeto Google Cloud | registro e verificação de elegibilidade | gratuito para usos não comerciais elegíveis, sujeito a cotas",sim,JavaScript API | Python API | REST API | exportação em nuvem,sim,https://developers.google.com/earth-engine/reference/rest,varia conforme o dataset,privado,Google e provedores dos datasets,"Descobrir e processar coleções geoespaciais em nuvem para sensoriamento remoto, clima, vegetação, solo e água.",Não é a fonte original da maioria dos datasets; uso requer projeto Google Cloud e o acesso gratuito não comercial está sujeito a verificação e cotas.,artigo revisado por pares,https://doi.org/10.1016/j.rse.2017.06.031,Artigo de referência define o Earth Engine como plataforma de análise geoespacial em escala planetária.,https://developers.google.com/earth-engine/guides/access,2026-08-10
DR0020,Application for Extracting and Exploring Analysis Ready Samples,AppEEARS,Aplicação para extração e exploração de amostras prontas para análise,"Serviço para extrair e transformar subconjuntos espaciais, temporais e por camada de produtos geoespaciais de diversos arquivos federais.",https://appeears.earthdatacloud.nasa.gov/,https://appeears.earthdatacloud.nasa.gov/,Sensoriamento Remoto e Geoinformação | Infraestruturas e Ciência de Dados,sensoriamento remoto | vegetação | clima | superfície terrestre,subconjuntos raster | séries de pontos | estatísticas,GeoTIFF | NetCDF | CSV,mapa interativo | gráficos | pré-visualização de dados,global,sim,varia conforme o produto NASA,varia conforme o produto,diária a anual; varia,"arquivos federais diversos, incluindo LP DAAC | NSIDC DAAC | ORNL DAAC | USGS | National Park Service | Ocean Biology DAAC",sim,cadastro Earthdata,sim,REST API | download por recorte,sim,https://appeears.earthdatacloud.nasa.gov/api/,varia conforme o produto e provedor; consultar produto de origem,público,NASA LP DAAC,Extrair séries de pontos e subconjuntos espaciais e temporais de produtos terrestres NASA sem baixar cenas completas.,"É um serviço de extração; versão, qualidade e citação devem seguir o produto NASA de origem.",documentação técnica oficial,https://appeears.earthdatacloud.nasa.gov/api/,"A documentação descreve extração por ponto/área, formatos prontos para análise e API; aplicações aparecem dispersas por produto NASA.",https://appeears.earthdatacloud.nasa.gov/,2026-08-10
DR0021,Copernicus Climate Data Store,CDS,Climate Data Store,"Catálogo e serviço de acesso a reanálises, observações e projeções climáticas.",https://cds.climate.copernicus.eu/,https://cds.climate.copernicus.eu/datasets,Clima e Ciências Atmosféricas | Infraestruturas e Ciência de Dados,clima | mudanças climáticas | atmosfera | solo,reanálises | projeções | observações | indicadores,NetCDF | GRIB | ZIP; varia,mapa interativo | gráficos | busca tabular,global,sim,varia conforme o dataset,"histórica, presente e projeções",horária a anual; varia,satélites | estações | reanálises | modelos climáticos,sim,cadastro/login gratuito; aceitar a licença aplicável ao dataset antes do download,sim,CDS API | cliente Python | download HTTP,sim,https://cds.climate.copernicus.eu/how-to-api,licença Copernicus e licenças específicas,público internacional,Copernicus Climate Change Service / ECMWF,"Acessar reanálises, observações, projeções e indicadores climáticos para pesquisa, ensino e modelagem.","Termos, formatos, variáveis, resolução e atualizações são definidos no nível de cada dataset.",artigo revisado por pares,https://doi.org/10.1175/BAMS-D-21-0315.1,Descreve o Copernicus Climate Change Service e o fornecimento operacional de dados climáticos.,https://cds.climate.copernicus.eu/,2026-08-10
DR0022,WorldClim,WorldClim,Base de dados climáticos globais de alta resolução espacial,Camadas climáticas globais de alta resolução para condições históricas e futuras.,https://www.worldclim.org/,https://www.worldclim.org/data/index.html,"Clima e Ciências Atmosféricas | Geociências, Solos e Geografia Física",clima | mudanças climáticas | bioclimatologia,climatologias | variáveis bioclimáticas | projeções,GeoTIFF,mapa interativo | busca tabular,global terrestre,sim,30 segundos de arco a 10 minutos; depende da versão,períodos climatológicos históricos e futuros,mensal | climatológica,estações | interpolação | modelos climáticos,sim,uso acadêmico e não comercial; redistribuição ou uso comercial requer permissão prévia,parcial,download HTTP | acesso por pacotes geoespaciais,não,,WorldClim: uso acadêmico e não comercial; redistribuição ou uso comercial requer permissão prévia,acadêmico,"WorldClim / University of California, Davis","Fornecer climatologias e variáveis bioclimáticas para ecologia espacial, modelagem de distribuição e cenários climáticos.","Não substituir observações diárias; registrar versão, período climatológico, resolução e cenário.",artigo revisado por pares,https://doi.org/10.1002/joc.5086,Artigo de dados de referência para as superfícies WorldClim 2 em resolução aproximada de 1 km.,https://www.worldclim.org/,2026-08-10
DR0023,Climatologies at High Resolution for the Earth's Land Surface Areas,CHELSA,Conjunto de climatologias de alta resolução para as superfícies terrestres,Climatologias e projeções climáticas globais com detalhamento topográfico.,https://chelsa-climate.org/,https://www.chelsa-climate.org/datasets/,"Clima e Ciências Atmosféricas | Geociências, Solos e Geografia Física",clima | mudanças climáticas | bioclimatologia,climatologias | variáveis bioclimáticas | projeções,COG (GeoTIFF) | NetCDF; varia,mapa interativo | busca tabular,global terrestre,sim,aproximadamente 1 km; varia conforme a versão,histórica e projeções,diária | mensal | climatológica; varia,modelos climáticos | downscaling | topografia,sim,aberto,parcial,download HTTP | repositórios de arquivos,não,,licença específica por versão,acadêmico,CHELSA Climate,"Usar climatologias, séries e projeções com detalhamento topográfico em ecologia, biogeografia e modelagem climática.","Alguns produtos possuem lacunas; versão, modelo, cenário, período e resolução devem ser registrados.",artigo revisado por pares,https://doi.org/10.1038/sdata.2017.122,Artigo de dados que descreve a climatologia CHELSA e sua aplicação em superfícies terrestres de alta resolução.,https://www.chelsa-climate.org/,2026-08-10
DR0024,Protected Planet / World Database on Protected Areas,Protected Planet / WDPA,Plataforma de conhecimento sobre áreas protegidas e outras medidas eficazes de conservação,Base global de áreas protegidas e outras medidas de conservação baseadas em área.,https://www.protectedplanet.net/,https://www.protectedplanet.net/en/thematic-areas/wdpa,Biodiversidade e Conservação | Planejamento Territorial e Políticas Públicas | Sensoriamento Remoto e Geoinformação,áreas protegidas | conservação | biodiversidade,polígonos | pontos | atributos | indicadores,Shapefile | CSV | File Geodatabase,mapa interativo | dashboard | gráficos,global,sim,geometrias vetoriais; precisão variável,situação corrente e versões periódicas,não se aplica,governos | organizações internacionais | gestores de áreas,sim,consulta pública | download não comercial sujeito a termos/cadastro | API com token | uso comercial via IBAT,sim,REST API | download tabular e geoespacial,parcial,https://api.protectedplanet.net/documentation,Protected Planet Terms of Use; uso comercial via IBAT,consórcio internacional,UNEP-WCMC / IUCN,"Analisar distribuição, cobertura e atributos de áreas protegidas e OECMs em estudos globais e nacionais.","WDPA e WD-OECM foram unificadas em 2025; usar API v4, pois v3 foi retirada em 2026; registrar a edição mensal e não interpretar polígonos como precisão cadastral uniforme.",artigo revisado por pares,https://doi.org/10.1371/journal.pbio.1002074,Exemplo de uso global da WDPA/Protected Planet para estimar visitação em áreas protegidas.,https://www.protectedplanet.net/en,2026-08-10
DR0025,IUCN Red List of Threatened Species,IUCN Red List,Fonte global de informação sobre o risco de extinção de espécies,Avaliações globais do risco de extinção de espécies.,https://www.iucnredlist.org/,https://www.iucnredlist.org/search,Biodiversidade e Conservação,biodiversidade | espécies | conservação,avaliações | categorias de ameaça | mapas de distribuição | ameaças,CSV | JSON | Shapefile; depende do acesso,mapa interativo | busca taxonômica | gráficos,global,sim,espécies e polígonos; precisão variável,avaliações históricas e vigentes,não se aplica,literatura | especialistas | dados de ocorrência | modelos,parcial,consulta pública | conta/termos para downloads | API v4 com token | uso não comercial sujeito aos termos,sim,REST API v4 | consulta web | downloads espaciais sujeitos a termos,parcial,https://api.iucnredlist.org/help,IUCN Red List Terms of Use; dados disponibilizados para uso não comercial,consórcio internacional,IUCN,"Consultar categorias, ameaças, habitats, tendências e mapas para conservação, ensino e priorização de espécies.",Avaliações têm datas e abrangências diferentes; API v3 foi removida em 2025 e deve-se usar API v4; downloads/API seguem termos próprios e podem exigir conta ou token.,artigo revisado por pares,https://doi.org/10.1016/j.tree.2005.10.010,Discute o valor científico e conservacionista da Lista Vermelha da IUCN e seus dados de avaliação.,https://api.iucnredlist.org/help,2026-08-10
DR0026,Ocean Biodiversity Information System,OBIS,Centro global de dados e informações de acesso aberto sobre biodiversidade marinha,Infraestrutura global de dados de ocorrência de biodiversidade marinha.,https://obis.org/,https://obis.org/data/access/,Biodiversidade e Conservação | Recursos Hídricos e Oceanografia | Infraestruturas e Ciência de Dados,biodiversidade | espécies | oceanos,ocorrências | datasets | taxonomia | mapas,TSV | GeoParquet | JSON; varia por dataset,mapa interativo | busca tabular | gráficos,global marinho,sim,ponto de ocorrência; varia,histórica ao presente,por registro,pesquisa | monitoramento | coleções | ciência cidadã,sim,aberto,sim,REST API | AWS Open Data | HTTP download,não,https://obis.org/data/access/,varia conforme o dataset,consórcio internacional,UNESCO-IOC / OBIS,"Acessar ocorrências marinhas para biogeografia, conservação, modelagem de distribuição e sínteses oceânicas.","Qualidade, licença, esforço amostral e precisão variam por dataset.",artigo revisado por pares,https://doi.org/10.3389/fmars.2018.00211,"Evidência de uso de infraestruturas de observações marinhas, incluindo OBIS, em variáveis essenciais de biodiversidade.",https://obis.org/data/access/,2026-08-10
DR0027,eBird,eBird,Projeto colaborativo de ciência cidadã sobre aves,"Base global de listas de observação, distribuição e abundância de aves.",https://science.ebird.org/,https://science.ebird.org/en/use-ebird-data,Biodiversidade e Conservação | Infraestruturas e Ciência de Dados,biodiversidade | aves | ciência cidadã,ocorrências | listas | abundância | tendências | mapas,texto tabulado (EBD) | JSON; formatos derivados variam por produto,mapa interativo | gráficos | dashboard,global,sim,local de observação e produtos em grade; varia,histórica ao presente,evento | semanal | anual; varia,ciência cidadã | protocolos de observação,sim,login e formulário para EBD | API key para API | produtos derivados podem exigir solicitação,sim,REST API | HTTP download,parcial,https://science.ebird.org/en/use-ebird-data,eBird Terms of Use; dados brutos gratuitos para uso não comercial,acadêmico,Cornell Lab of Ornithology,"Usar listas, ocorrências e produtos modelados em estudos de distribuição, abundância, migração e monitoramento de aves.",O acesso ao EBD completo exige solicitação; distinguir observações brutas dos produtos modelados e considerar viés de observador.,artigo revisado por pares,https://doi.org/10.1016/j.biocon.2009.05.006,Artigo de referência define o eBird como rede de observação de aves baseada em ciência participativa.,https://science.ebird.org/,2026-08-10
DR0028,Movebank,Movebank,Plataforma online e repositório de dados de rastreamento animal,Repositório e plataforma para dados de rastreamento animal e biologging.,https://www.movebank.org/,https://www.movebank.org/cms/movebank-content/data-repository,Biodiversidade e Conservação | Infraestruturas e Ciência de Dados,biodiversidade | movimento animal | comportamento,trajetórias | telemetria | metadados | estudos publicados,CSV | KML | JSON; varia,mapa interativo | gráficos | aplicativos,global,sim,pontos de rastreamento; depende do sensor,varia por estudo,segundos a dias; varia,GPS | satélite | rádio | sensores biologging,parcial,download público sem conta quando autorizado pelo estudo | conta para funções avançadas e solicitação de dados restritos | licenças/embargos por estudo,sim,REST API | HTTP download,parcial,https://github.com/movebank/movebank-api-doc,licença definida por estudo,acadêmico,Max Planck Institute of Animal Behavior,"Gerenciar e reutilizar dados de telemetria e biologging em estudos de movimento, migração e uso do habitat.","Acesso, embargo, licença e precisão espacial são definidos pelo proprietário de cada estudo.",artigo revisado por pares,https://doi.org/10.1111/2041-210X.13767,"Descreve o ecossistema Movebank, uploads, fluxos ao vivo, visualização, downloads, API e ferramentas analíticas.",https://www.movebank.org/cms/movebank-main,2026-08-10
DR0029,National Ecological Observatory Network,NEON,Observatório ecológico continental e instalação de pesquisa,"Observatório ecológico continental com dados padronizados de organismos, solo, água, atmosfera e sensoriamento remoto.",https://www.neonscience.org/data,https://data.neonscience.org/data-products/explore,Ciências Ambientais e Ecologia | Biodiversidade e Conservação | Sensoriamento Remoto e Geoinformação,ecologia | biodiversidade | solo | água | atmosfera | vegetação,séries temporais | amostras | imagens aéreas | produtos derivados,CSV | HDF5 | GeoTIFF | LAZ | formatos variados,mapa interativo | gráficos | pré-visualização de dados,continental — Estados Unidos,não,"ponto, parcela, torre e imagem; varia",2013 ao presente; varia,minutos a anual; varia,campo | laboratório | sensores | aeronaves,sim,consulta pública | conta obrigatória para downloads | token para API e neonUtilities,sim,REST API | pacote R neonUtilities | download em nuvem,sim,https://data.neonscience.org/data-api,CC BY 4.0 para dados obtidos desde 2026-06-30 | downloads anteriores permanecem sob CC0,público-acadêmico,Battelle / National Science Foundation,"Usar séries ecológicas padronizadas, amostras, sensores e sensoriamento aéreo para ensino, síntese e previsão ecológica.",Cobertura restrita aos Estados Unidos; produtos podem ser provisórios ou revisados; desde 2026-06-30 downloads exigem conta ou token e novos dados usam CC BY 4.0.,artigo revisado por pares,https://doi.org/10.1002/ecs2.4206,Exemplo de integração de dados NEON de campo e sensoriamento remoto para macroecologia.,https://www.neonscience.org/impact/observatory-blog/next-week-required-logins-and-data-licensing-updates,2026-08-10
DR0030,Data Observation Network for Earth,DataONE,Projeto comunitário e federação de repositórios de dados,Federação que oferece descoberta e acesso a dados distribuídos entre múltiplos repositórios membros.,https://www.dataone.org/,https://search.dataone.org/data,Ciências Ambientais e Ecologia | Infraestruturas e Ciência de Dados,ecologia | biodiversidade | clima | ambiente,datasets | metadados | pacotes de pesquisa,CSV | XML | NetCDF | formatos variados,mapa interativo | busca tabular | pré-visualização de metadados,global,parcial,varia conforme o dataset,varia conforme o dataset,varia conforme o dataset,repositórios membros | pesquisadores | instituições,parcial,aberto ou restrito conforme o dataset,sim,REST API DataONE | HTTPS/HTTP download,parcial,https://dataoneorg.github.io/api-documentation/apis/index.html,varia conforme o dataset,consórcio,DataONE e repositórios membros,Descobrir dados ambientais distribuídos entre repositórios membros e apoiar práticas FAIR e reprodutíveis.,"DataONE não é um único repositório; acesso, licença, formato e qualidade permanecem definidos por cada repositório e dataset.",artigo técnico,https://doi.org/10.1045/january2011-michener,Descrição de referência da DataONE como ciberinfraestrutura comunitária distribuída para dados ambientais.,https://www.dataone.org/,2026-08-10
DR0031,Knowledge Network for Biocomplexity,KNB,Repositório de dados ecológicos e ambientais,Repositório de dados ecológicos e ambientais com metadados estruturados.,https://knb.ecoinformatics.org/,https://knb.ecoinformatics.org/,Ciências Ambientais e Ecologia | Infraestruturas e Ciência de Dados,ecologia | biodiversidade | ambiente,datasets | metadados | pacotes de pesquisa,CSV | EML | formatos variados,mapa interativo | busca tabular | pré-visualização de metadados,global,parcial,varia conforme o dataset,varia conforme o dataset,varia conforme o dataset,pesquisadores | projetos | redes ecológicas,parcial,aberto ou restrito conforme o dataset,sim,REST API DataONE | HTTPS/HTTP download,parcial,https://dataoneorg.github.io/api-documentation/apis/index.html,varia conforme o dataset,acadêmico,National Center for Ecological Analysis and Synthesis,"Publicar, descobrir e reutilizar datasets com metadados ecológicos estruturados e identificadores persistentes.",É membro da DataONE; evitar duplicar o mesmo dataset recuperado pelos dois mecanismos. A API é a infraestrutura DataONE usada pelo repositório.,artigo revisado por pares,https://academic.oup.com/bioscience/article/54/3/240/223122,"Define a KNB como rede distribuída para descoberta, acesso, gestão e síntese de dados ecológicos heterogêneos.",https://knb.ecoinformatics.org/,2026-08-10
DR0032,PANGAEA Data Publisher for Earth & Environmental Science,PANGAEA,Editora e biblioteca de dados para ciências da Terra e ambientais,Repositório para publicação e preservação de dados georreferenciados das ciências da Terra e ambientais.,https://www.pangaea.de/,https://www.pangaea.de/,"Ciências Ambientais e Ecologia | Geociências, Solos e Geografia Física | Recursos Hídricos e Oceanografia | Infraestruturas e Ciência de Dados",ecologia | clima | oceanos | solo | atmosfera,datasets | tabelas | séries | metadados com DOI,tabular | NetCDF | formatos variados,mapa interativo | busca tabular | pré-visualização de dados,global,sim,varia conforme o dataset,varia conforme o dataset,varia conforme o dataset,pesquisa | campo | laboratório | modelos,sim,open access após publicação; pequena fração pode permanecer sob moratória/autenticação; metadados públicos,sim,REST API | OAI-PMH | download HTTP,parcial,https://ws.pangaea.de/,"licença explícita por dataset, geralmente Creative Commons; consultar metadados",acadêmico,Alfred Wegener Institute / MARUM,"Publicar e reutilizar dados georreferenciados com DOI em ecologia, clima, oceanografia, solo e ciências da Terra.","Formato, licença, cobertura e embargo são definidos no nível do dataset; registrar DOI e versão.",artigo revisado por pares,https://doi.org/10.1038/s41597-023-02269-x,"Artigo de referência define PANGAEA como biblioteca aberta, publicadora e infraestrutura FAIR de dados ambientais.",https://www.pangaea.de/,2026-08-10
DR0033,Dryad,Dryad,Plataforma comunitária de publicação e preservação de dados de pesquisa,"Plataforma multidisciplinar para publicação aberta, curadoria, preservação e reutilização de dados de pesquisa.",https://datadryad.org/,https://datadryad.org/stash,Ciências Ambientais e Ecologia | Infraestruturas e Ciência de Dados,ecologia | evolução | biodiversidade | multidisciplinar,datasets | arquivos de dados | metadados com DOI,formatos variados,busca tabular | pré-visualização de arquivos,global,parcial,varia conforme o dataset,varia conforme o dataset,varia conforme o dataset,pesquisadores | publicações científicas,sim,aberto após publicação,sim,REST API | download HTTP,não,https://datadryad.org/api,CC0 1.0 para dados de pesquisa publicados no Dryad,acadêmico sem fins lucrativos,Dryad,Localizar e reutilizar dados associados a artigos e publicar datasets com DOI para pesquisa reprodutível.,"Os dados publicados são abertos sob CC0; taxas normalmente se aplicam à publicação, não ao acesso; materiais incompatíveis com CC0 não são aceitos como arquivos de dados.",artigo revisado por pares,https://doi.org/10.1080/19386380903405090,Discute práticas de metadados e curadoria do repositório científico Dryad.,https://datadryad.org/help/guides/best_practices,2026-08-10
DR0034,iNaturalist,iNaturalist,Rede social online e plataforma de ciência cidadã sobre biodiversidade,Plataforma global de ciência cidadã para observações de organismos e identificação colaborativa.,https://www.inaturalist.org/,https://www.inaturalist.org/observations,Biodiversidade e Conservação | Infraestruturas e Ciência de Dados,biodiversidade | espécies | ciência cidadã,observações | imagens | taxonomia | projetos,CSV | JSON | Darwin Core | KML; varia conforme a rota de acesso,mapa interativo | gráficos | busca taxonômica,global,sim,ponto de observação; coordenadas podem ser obscurecidas,"2008 ao presente, com registros históricos",por observação,ciência cidadã | imagens | identificação comunitária,sim,consulta pública e read API | conta para exportação CSV | autenticação para escrita ou acesso autorizado a informação privada,sim,REST API | HTTP export/download,parcial,https://api.inaturalist.org/v2/docs/,licença por observação e mídia,organização sem fins lucrativos,iNaturalist,"Usar observações identificadas colaborativamente em inventários, extensão, distribuição de espécies e ciência cidadã.","Coordenadas podem ser obscurecidas; licenças de observação, fotografia e som podem diferir; considerar viés amostral.",artigo revisado por pares,https://doi.org/10.1002/ecs2.4582,Analisa o uso ecológico e os vieses espaciais dos dados oportunísticos do iNaturalist.,https://www.inaturalist.org/pages/about,2026-08-10
DR0035,Climate Data Guide,Climate Data Guide,Portal de conhecimento especializado para descoberta e avaliação de dados climáticos,Guia curado para avaliação e seleção de conjuntos de dados climáticos.,https://climatedataguide.ucar.edu/,https://climatedataguide.ucar.edu/,Clima e Ciências Atmosféricas | Infraestruturas e Ciência de Dados,clima | atmosfera | oceanos,descrições | avaliações especializadas | links para datasets,metadados e páginas web,busca por categorias | páginas de síntese | gráficos incorporados,global,sim,varia conforme o dataset descrito,varia conforme o dataset descrito,varia conforme o dataset descrito,literatura | especialistas | provedores de dados,não se aplica,aberto para consulta; dados ficam nos provedores,não,não se aplica,não se aplica,,conteúdo do guia; licenças dos datasets variam,acadêmico,NCAR / UCAR,"Comparar forças, limitações e adequação de datasets climáticos antes de escolher a fonte para pesquisa ou ensino.","O guia normalmente não hospeda os dados; acesso, versão e licença permanecem no provedor original.",artigo revisado por pares,https://doi.org/10.1002/2013EO130001,Artigo de referência descreve o Climate Data Guide como apoio à descoberta e compreensão de dados climáticos.,https://climatedataguide.ucar.edu/,2026-08-10
DR0036,Fine-Root Ecology Database,FRED,Base de dados de ecologia de raízes finas,Base de características e observações de raízes finas para estudos ecológicos.,https://roots.ornl.gov/,https://roots.ornl.gov/public-release,"Ciências Ambientais e Ecologia | Biodiversidade e Conservação | Geociências, Solos e Geografia Física",solo | vegetação | raízes | carbono | ecologia funcional,traits | medições | metadados | tabelas,CSV | formatos tabulares,busca tabular | interface de filtragem,global,sim,"ponto, parcela ou estudo; varia",varia conforme o estudo,por observação ou campanha,campo | laboratório | literatura,sim,formulário de solicitação | token enviado por e-mail e válido por 24 horas,não,não se aplica,sim,https://roots.ornl.gov/public-release,"FRED Data Use Guidelines; acesso aberto e sem cobrança; citar FRED e, quando possível, fontes originais",público-acadêmico,Oak Ridge National Laboratory,"Usar características e medições de raízes finas em ecologia funcional, carbono, vegetação e sínteses de solo.",Cobertura e métodos variam entre estudos; citar a versão e fontes originais; o acesso ao FRED 3.0 exige formulário e token de 24 horas enviado por e-mail.,artigo revisado por pares,https://doi.org/10.1111/nph.14486,"Apresenta a FRED e seus usos em ecologia de raízes, comparação de traços e modelagem da biosfera.",https://roots.ornl.gov/public-release,2026-08-10
DR0037,SoilGrids,SoilGrids,Sistema global de mapeamento digital de propriedades do solo,Mapas globais de propriedades do solo produzidos por modelagem digital.,https://soilgrids.org/,https://files.isric.org/soilgrids/latest/data/,"Geociências, Solos e Geografia Física | Sensoriamento Remoto e Geoinformação",solo | carbono do solo,mapas raster | perfis por profundidade | incerteza,GeoTIFF | VRT,mapa interativo | geovisualização,global terrestre,sim,250 m na versão corrente amplamente usada,condições representativas do acervo de perfis usado na modelagem,estático por versão,perfis de solo | covariáveis ambientais | aprendizado de máquina,sim,aberto,sim,WMS | WCS | WebDAV | REST API beta,não,https://docs.isric.org/globaldata/soilgrids/index.html,CC BY 4.0,organização sem fins lucrativos,ISRIC — World Soil Information,"Obter covariáveis globais de propriedades do solo, carbono, densidade e incerteza para modelagem e planejamento.","São predições modeladas a 250 m, não medições em cada pixel; usar as camadas de incerteza. A REST API beta está temporariamente pausada; fluxos estáveis devem usar WCS ou WebDAV.",artigo revisado por pares,https://doi.org/10.1371/journal.pone.0169748,Artigo de referência descreve o SoilGrids como sistema global de predições espaciais de propriedades do solo.,https://docs.isric.org/globaldata/soilgrids/index.html,2026-08-10
DR0038,World Soil Information Service,WoSIS,Serviço mundial de informações de perfis de solo,Base global harmonizada de perfis e propriedades de solo.,https://www.isric.org/explore/wosis,https://www.isric.org/explore/wosis,"Geociências, Solos e Geografia Física | Infraestruturas e Ciência de Dados",solo | carbono do solo,perfis | horizontes | propriedades laboratoriais | pontos,TSV | formatos geoespaciais e tabulares derivados conforme serviço,mapa interativo | busca tabular,global terrestre,sim,ponto de perfil,histórica ao presente; varia por perfil,por campanha ou perfil,levantamentos pedológicos | campo | laboratório,sim,aberto,sim,OGC WFS | GraphQL API | HTTP download,não,https://docs.isric.org/globaldata/wosis/faq-wosis.html,CC BY ou CC BY-NC conforme o provedor | parte dos dados permanece restrita e não é redistribuída,organização sem fins lucrativos,ISRIC — World Soil Information,"Acessar observações harmonizadas de perfis e horizontes para validação, pedologia, carbono do solo e modelagem.",Cobertura desigual e histórica; respeitar a licença de cada provedor; distinguir perfis observados das predições SoilGrids e dados restritos dos conjuntos públicos.,artigo revisado por pares,https://doi.org/10.5194/essd-16-4735-2024,"Documenta a padronização, controle de qualidade, acesso e uso do snapshot WoSIS 2023.",https://docs.isric.org/globaldata/wosis/faq-wosis.html,2026-08-10
DR0039,Global Biodiversity Information Facility Integrated Publishing Toolkit,GBIF IPT,Software livre e de código aberto para publicação de dados de biodiversidade,Software livre desenvolvido pelo GBIF para criar e administrar repositórios distribuídos que publicam dados de biodiversidade.,https://www.gbif.org/ipt,não se aplica,Biodiversidade e Conservação | Infraestruturas e Ciência de Dados,biodiversidade | metadados,software de publicação | repositórios distribuídos | metadados | pacotes Darwin Core,Darwin Core Archive | EML,interface administrativa | pré-visualização de registros,global,não se aplica,varia conforme o dataset,varia conforme o dataset,varia conforme o dataset,instituições publicadoras,não se aplica,software aberto | acesso aos dados depende da instalação e do dataset,não se aplica,software de publicação; não é serviço de consulta,não se aplica,,Apache License 2.0,consórcio,GBIF e instituições hospedeiras,Criar e administrar repositórios distribuídos que publicam datasets em Darwin Core e EML na rede GBIF.,"É uma ferramenta de publicação, não uma base agregadora para consulta; cada instalação e dataset tem seu próprio acesso.",artigo revisado por pares,https://doi.org/10.1371/journal.pone.0102623,Define o IPT como software de publicação interoperável de dados de biodiversidade em Darwin Core Archive e EML.,https://www.gbif.org/ipt,2026-08-10
DR0040,TRY Plant Trait Database,TRY,Base global de dados curados de características de plantas,Base global de características funcionais de plantas reunidas de múltiplas fontes.,https://www.try-db.org/,https://www.try-db.org/TryWeb/Data.php,"Ciências Ambientais e Ecologia | Biodiversidade e Conservação | Agricultura, Florestas e Uso da Terra",vegetação | plantas | ecologia funcional | biodiversidade,traits | espécies | metadados de datasets,formatos tabulares,busca tabular | pré-visualização de dados,global,sim,"indivíduo, população ou estudo; varia",varia conforme o dataset,por observação,campo | laboratório | literatura | colaboradores,parcial,registro + solicitação | dados públicos sob CC BY | registros restritos dependem de permissão | redistribuição não permitida,não,solicitação e download pela interface,sim,,CC BY para trait records públicos; registros restritos/arquivos seguem TRY IPG e condições do proprietário,consórcio acadêmico,TRY Consortium / Max Planck Institute for Biogeochemistry,"Obter traits vegetais para ecologia funcional, modelagem de vegetação, biodiversidade e sínteses globais.",Acesso requer solicitação e aceite de condições; redistribuição e uso dependem dos contribuidores.,artigo revisado por pares,https://doi.org/10.1111/gcb.14904,"Avalia cobertura, representatividade, acesso e aplicações da base global de traços vegetais TRY.",https://www.try-db.org/,2026-08-10
DR0041,Botanical Information and Ecology Network,BIEN,Ecossistema de dados integrado e versionado para ciência da biodiversidade vegetal,"Base integrada de ocorrências, inventários de vegetação, taxonomia e atributos de plantas.",https://bien.nceas.ucsb.edu/bien/,https://bien.nceas.ucsb.edu/bien/data-and-access/,"Biodiversidade e Conservação | Agricultura, Florestas e Uso da Terra | Infraestruturas e Ciência de Dados",vegetação | plantas | biodiversidade | ecologia,ocorrências | parcelas | traits | taxonomia,CSV | formatos variados conforme produto/serviço,mapa interativo | gráficos | busca tabular,"global, com cobertura mais forte para plantas vasculares do Novo Mundo",sim,"ponto, parcela e espécie; varia",histórica ao presente; versão 4.2 verificada em 2026,por registro,herbários | parcelas | literatura | bases parceiras,sim,aberto,sim,APIs/serviços web BIEN | HTTP download,não,,varia conforme a fonte,consórcio acadêmico,BIEN Working Group / NCEAS,"Usar ocorrências, parcelas, traits, taxonomia e mapas de distribuição de plantas em fluxos reprodutíveis.",A versão 4.2 tem cobertura mais forte para plantas vasculares do Novo Mundo; amostragem é desigual e mapas são predições.,artigo revisado por pares,https://doi.org/10.1111/2041-210X.12861,"Descreve o banco BIEN e o pacote R para ocorrências, parcelas, traços, mapas, filogenias e metadados.",https://bien.nceas.ucsb.edu/bien/data-and-access/,2026-08-10
DR0042,AmeriFlux,AmeriFlux,Rede de sítios de fluxos de ecossistemas nas Américas,"Rede de torres de fluxos de carbono, água e energia nas Américas.",https://ameriflux.lbl.gov/data/,https://ameriflux.lbl.gov/data/download-data/,Ciências Ambientais e Ecologia | Clima e Ciências Atmosféricas,carbono | clima | ecossistemas | fluxos,fluxos turbulentos | meteorologia | dados processados,CSV | ZIP | formatos padronizados,mapa interativo | gráficos | busca tabular,continental — Américas,sim,ponto de torre e área de influência,1996 ao presente; varia por sítio,30 minutos | diária | anual; varia,torres eddy covariance | sensores meteorológicos,sim,cadastro | termos de uso por dataset,sim,Data API | HTTP download,sim,https://ameriflux.lbl.gov/resources/resource-list/tools-and-software-for-flux-scientists/data-api-interface/,CC BY 4.0 para a maioria dos sítios | política legada em parte do acervo,consórcio acadêmico,AmeriFlux Management Project / Lawrence Berkeley National Laboratory,"Analisar trocas de carbono, água e energia, meteorologia e funcionamento ecossistêmico em torres das Américas.","Licença, processamento, período e área de influência variam por sítio; parte do acervo ainda usa a política legada.",artigo revisado por pares,https://doi.org/10.1016/j.agrformet.2017.10.009,"Define AmeriFlux como coalizão voluntária de torres para fluxos contínuos de carbono, água e energia.",https://ameriflux.lbl.gov/data/data-policy/,2026-08-10
DR0043,FLUXNET,FLUXNET,Rede global de sítios de torres de fluxos e sistema de dados harmonizados,Rede global harmonizada de medições de fluxos entre ecossistemas e atmosfera.,https://fluxnet.org/data/,https://data.fluxnet.org/,Ciências Ambientais e Ecologia | Clima e Ciências Atmosféricas,carbono | clima | ecossistemas | água,fluxos | meteorologia | produtos harmonizados,CSV | ZIP,mapa interativo | gráficos | busca tabular,global,sim,ponto de torre e área de influência,varia por coleção e sítio,30 minutos | diária | mensal | anual,eddy covariance | sensores meteorológicos | processamento harmonizado,parcial,cadastro | licenças por coleção,parcial,HTTP download,parcial,,CC BY 4.0 para dados open; Tier Two e outras políticas específicas quando aplicáveis,consórcio acadêmico,FLUXNET community,"Realizar sínteses globais de fluxos de carbono, água e energia e comparar ecossistemas com dados harmonizados.",Coleções e sítios têm licenças e períodos diferentes; pode haver sobreposição com redes regionais como AmeriFlux.,artigo revisado por pares,https://doi.org/10.1038/s41597-020-0534-3,"Artigo de dados descreve FLUXNET2015, processamento ONEFlux, controle de qualidade e produtos derivados.",https://fluxnet.org/data/,2026-08-10
DR0044,Global Nature Watch,GNW,"Plataforma online de monitoramento de natureza, florestas e mudanças em paisagens",Plataforma de monitoramento e análise de florestas e outros ecossistemas com dados de múltiplas fontes.,https://www.globalforestwatch.org/,https://www.globalforestwatch.org/map/,"Ciências Ambientais e Ecologia | Agricultura, Florestas e Uso da Terra | Sensoriamento Remoto e Geoinformação",florestas | vegetação | desmatamento | fogo | carbono,mapas | alertas | estatísticas | camadas,GeoTIFF | Shapefile | CSV; varia conforme a camada,mapa interativo | geovisualização | gráficos | dashboard,global,sim,varia conforme a camada,varia conforme a camada,quase em tempo real a anual,satélites | governos | pesquisa | modelos,sim,aberto | cadastro para alguns serviços,sim,REST API | tile services | HTTP download,parcial,https://data-api.globalforestwatch.org/,varia conforme o provedor da camada,organização sem fins lucrativos,World Resources Institute e parceiros,"Monitorar cobertura florestal, perda, fogo, alertas, carbono e mudanças territoriais em escalas globais e locais.","A plataforma agrega camadas de terceiros; citar a fonte, versão, método e licença da camada utilizada.",artigo revisado por pares,https://doi.org/10.1002/geo2.70,Define Global Forest Watch como plataforma online de dados abertos e camadas geoespaciais de florestas.,https://www.globalforestwatch.org/,2026-08-10
DR0045,Global Carbon Atlas,Global Carbon Atlas,Plataforma para explorar e visualizar dados de fluxos de carbono,Plataforma de visualização e exploração de fluxos e emissões globais de carbono.,https://globalcarbonatlas.org/,https://globalcarbonatlas.org/,Ciências Ambientais e Ecologia | Clima e Ciências Atmosféricas | Infraestruturas e Ciência de Dados,carbono | emissões | mudanças climáticas,mapas | séries | gráficos | indicadores,CSV | XLS; varia conforme o produto,mapa interativo | gráficos | dashboard,global e nacional,sim,"nacional, regional e grades; varia",histórica ao presente; varia,anual; alguns produtos mensais,inventários | modelos | observações | Global Carbon Project,sim,acesso gratuito; uso/publicação requer crédito ao Global Carbon Atlas e às fontes originais conforme o produto,desconhecido,HTTP download,não,,Global Carbon Atlas data-use terms + condições/créditos das fontes originais por produto,consórcio acadêmico,Global Carbon Project,"Explorar emissões nacionais e globais, orçamentos de carbono e fluxos naturais em ensino, sínteses e comunicação científica.","Produtos têm anos de atualização diferentes; registrar edição, fonte e metodologia em vez de assumir atualização uniforme.",documentação técnica oficial,https://globalcarbonatlas.org/,O Atlas dissemina e visualiza produtos do Global Carbon Project; cada série deve ser citada por sua publicação original.,https://globalcarbonatlas.org/,2026-08-10
DR0046,EDGAR — Emissions Database for Global Atmospheric Research,EDGAR,Base de dados independente de emissões antropogênicas globais,Inventário global espacializado de emissões antropogênicas de gases de efeito estufa e poluentes.,https://edgar.jrc.ec.europa.eu/,https://edgar.jrc.ec.europa.eu/dataset_ghg2025,Ciências Ambientais e Ecologia | Clima e Ciências Atmosféricas | Sensoriamento Remoto e Geoinformação,emissões | carbono | atmosfera | mudanças climáticas,grades de emissões | tabelas nacionais | séries temporais,NetCDF | XLSX | CSV,mapa interativo | gráficos | tabelas,global,sim,"0,1° × 0,1° para grades globais; totais nacionais também disponíveis",1970–2024 na edição GHG 2025,anual | mensal | horária em produtos selecionados,estatísticas de atividade | fatores de emissão | modelos,sim,aberto,parcial,download HTTP de arquivos tabulares e raster,não,,CC BY 4.0 para material da União Europeia salvo indicação contrária; componentes de terceiros mantêm termos/fonte próprios,público internacional,European Commission Joint Research Centre,"Usar séries nacionais e grades globais de emissões por gás e setor em inventários, modelagem e política climática.","A edição GHG 2025 cobre 1970–2024; registrar versão, gás, setor, resolução temporal e grade.",artigo revisado por pares,https://doi.org/10.5194/essd-16-2811-2024,Artigo de dados descreve distribuição espacial de emissões EDGAR v8.0 e usos em escalas nacional e subnacional.,https://edgar.jrc.ec.europa.eu/,2026-08-10
DR0047,Copernicus Data Space Ecosystem,CDSE,Ecossistema aberto de dados e serviços Copernicus,"Serviço de descoberta, acesso e processamento de dados Sentinel e outras missões Copernicus.",https://dataspace.copernicus.eu/,https://browser.dataspace.copernicus.eu/,Sensoriamento Remoto e Geoinformação | Infraestruturas e Ciência de Dados,sensoriamento remoto | vegetação | clima | água | solo,imagens de satélite | mosaicos | produtos processados,SAFE | GeoTIFF | JPEG2000 | NetCDF | formatos variados,mapa interativo | geovisualização | pré-visualização de imagens | processamento em nuvem,global,sim,10 m a quilômetros; depende do sensor e produto,2014 ao presente; varia por missão,dias a semanas; varia por missão,satélites Sentinel | missões contribuintes,sim,serviços/dados públicos gratuitos sem registro em canais selecionados | conta para serviços/capacidades registradas e credenciais de APIs específicas | serviços adicionais podem ter condições próprias,sim,OData | STAC | S3 | openEO | OGC WMS/WMTS/WFS/WCS | REST API,parcial,https://documentation.dataspace.copernicus.eu/APIs.html,Copernicus Data and Information Policy,público internacional,European Commission / ESA e operadores,"Descobrir, baixar e processar imagens Sentinel e outros produtos de observação da Terra para pesquisa e ensino.","Exige conta para vários serviços; missão, nível de processamento, resolução, órbita e data precisam ser registrados.",artigo revisado por pares,https://doi.org/10.1038/s41597-026-06765-8,Descreve o ecossistema Copernicus como infraestrutura pública de dados e processamento em nuvem para observação da Terra.,https://dataspace.copernicus.eu/,2026-08-10
DR0048,Earth System Grid Federation,ESGF,Esforço de código aberto e plataforma distribuída de dados e computação,"Infraestrutura federada para distribuição de modelos climáticos, incluindo CMIP.",https://esgf.github.io/,https://metagrid.esgf-west.org/,Clima e Ciências Atmosféricas | Infraestruturas e Ciência de Dados,clima | mudanças climáticas | modelos do sistema terrestre,simulações | projeções | reanálises selecionadas,NetCDF,busca tabular | gráficos | pré-visualização de metadados,global,sim,varia conforme o modelo,histórico e cenários futuros,subdiária a anual; varia,modelos climáticos e do sistema terrestre,sim,aberto | cadastro em alguns nós,sim,REST API de busca | HTTP/HTTPS download,parcial,https://esgf.github.io/esg-search/ESGF_Search_RESTful_API.html,varia conforme o projeto e dataset,consórcio internacional,ESGF partners / DOE,Descobrir e baixar simulações CMIP e outros dados do sistema terrestre para projeções e estudos climáticos.,"É uma federação de nós; disponibilidade, licença, versão e desempenho variam, e o acesso CMIP está migrando para o MetaGrid.",artigo revisado por pares,https://doi.org/10.1016/j.future.2013.07.002,Artigo de referência descreve ESGF como infraestrutura aberta e federada de acesso a dados geoespaciais e climáticos.,https://esgf.github.io/,2026-08-10
DR0049,International Long Term Ecological Research Network,ILTER,Rede internacional de redes de pesquisa ecológica de longa duração,Rede internacional de sítios e projetos de pesquisa ecológica de longa duração.,https://www.ilter.network/,https://deims.org/,Ciências Ambientais e Ecologia | Biodiversidade e Conservação | Infraestruturas e Ciência de Dados,ecologia | biodiversidade | clima | ecossistemas,metadados | séries ecológicas | informações de sítios,JSON | CSV | Shapefile | GeoPackage | GeoJSON; datasets associados podem variar,mapa interativo | busca tabular | gráficos,global,sim,"sítio, parcela e região; varia",longa duração; varia por sítio,varia por variável e sítio,campo | sensores | laboratório | monitoramento,parcial,conteúdo DEIMS-SDR público e gratuito sem conta; uso não comercial sob termos do serviço; datasets externos associados podem ter condições próprias,sim,REST API | WMS | WFS | CSW | OAI-PMH | HTTP export,não,,DEIMS-SDR CC BY-NC 4.0 para conteúdo/registros do serviço; datasets externos associados podem ter licenças próprias,consórcio acadêmico,ILTER e redes nacionais,"Descobrir sítios e integrar séries de longa duração em estudos de mudança ambiental, ecossistemas e comparações internacionais.","A ILTER não é um repositório único; disponibilidade e licença dependem da rede, do sítio e do repositório associado.",artigo revisado por pares,https://doi.org/10.1002/ecs2.1697,Define ILTER como rede de redes e plataforma de colaboração e séries ecológicas de longa duração.,https://www.ilter.network/,2026-08-10
DR0050,ORNL Distributed Active Archive Center,ORNL DAAC,Centro de arquivo ativo distribuído e repositório de dados da NASA,"Centro NASA para dados de processos biogeoquímicos, ecologia terrestre e dinâmica ambiental.",https://www.earthdata.nasa.gov/centers/ornl-daac,https://search.earthdata.nasa.gov/search?fpj=ORNL_DAAC,Ciências Ambientais e Ecologia | Sensoriamento Remoto e Geoinformação | Infraestruturas e Ciência de Dados,ecologia | carbono | vegetação | solo | sensoriamento remoto,datasets | mapas | séries | produtos de missões,GeoTIFF | NetCDF | CSV | HDF | formatos variados,mapa interativo | geovisualização | gráficos | pré-visualização de dados,global,sim,varia conforme o dataset,varia conforme o dataset,varia conforme o dataset,satélites | campo | modelos | campanhas NASA,sim,consulta pública de metadados | Earthdata Login obrigatório para downloads e pedidos,sim,Earthdata CMR API | OGC | download HTTP e em nuvem,sim,https://www.earthdata.nasa.gov/engage/open-data-services-and-software/api,política de dados NASA; licença por dataset,público,NASA / Oak Ridge National Laboratory,"Localizar dados de biogeoquímica terrestre, carbono, ecologia, campanhas de campo e produtos de missões NASA.","Downloads exigem Earthdata Login; citar DOI, versão, qualidade e documentação do dataset específico; formatos e serviços variam por produto.",artigo revisado por pares,https://doi.org/10.3390/ijgi5030030,Descreve o workflow de curadoria e publicação de datasets no ORNL DAAC.,https://www.earthdata.nasa.gov/centers/ornl-daac,2026-08-10
DR0051,Project COSMOS,COSMOS,Base de dados de pesquisa sobre mudanças climáticas,"Base bibliométrica construída pelo Carbon Brief com mais de 1,8 milhão de publicações e cerca de 40 milhões de relações de citação ligadas à pesquisa climática.",https://interactive.carbonbrief.org/cosmos/index.html,https://interactive.carbonbrief.org/cosmos/index.html,Clima e Ciências Atmosféricas | Infraestruturas e Ciência de Dados,clima | carbono | mudanças climáticas,base bibliográfica | rede de citações | rankings | mapa interativo | metodologia,não se aplica,mapa interativo | rankings | gráficos | rede de citações,global,não se aplica,não se aplica,"publicações históricas até 31-12-2025, conforme a metodologia do projeto",não se aplica,referências dos relatórios do IPCC | 22 periódicos climáticos | OpenAlex | Google Scholar,não,consulta pública aos produtos | base integral restrita | colaboração mediante proposta,não,não se aplica,não se aplica,,conteúdo público sob licença Creative Commons com restrições; base integral não aberta,empresa de comunicação científica,Carbon Brief Ltd,"Explorar a estrutura da literatura climática, relações de citação, publicações, autores e instituições para bibliometria e ensino.","A base integral não é open source nem oferecida para download; produtos públicos incluem metodologia, rankings e mapa interativo; propostas de pesquisa dependem de colaboração com Carbon Brief; a base será atualizada e expandida ao fim de cada ano-calendário.",documentação técnica oficial,https://interactive.carbonbrief.org/cosmos/methodology/index.html,"A metodologia define COSMOS como base bibliométrica de pesquisa climática; por ser lançada em 2026, ainda não há validação externa consolidada.",https://interactive.carbonbrief.org/cosmos/methodology/index.html,2026-08-10
DR0136,Rede de Meteorologia do Comando da Aeronáutica,REDEMET,Rede de Meteorologia do Comando da Aeronáutica — portal meteorológico do DECEA,Portal oficial do DECEA para consulta de informações meteorológicas aeronáuticas e produtos operacionais.,https://redemet.decea.mil.br/,https://redemet.decea.mil.br/,Clima e Ciências Atmosféricas,meteorologia | atmosfera | aviação | tempo,informações meteorológicas aeronáuticas | consultas operacionais,desconhecido,portal web | visualização operacional,nacional — Brasil; cobertura operacional específica a confirmar,sim,"estações, localidades e áreas operacionais; varia conforme o produto",operacional; extensão histórica a confirmar por produto,subdiária e operacional; varia conforme o produto,observações e produtos meteorológicos aeronáuticos,desconhecido,"condições de consulta, exportação e reutilização precisam de recertificação por produto",desconhecido,não documentado,desconhecido,,não localizada,público,Departamento de Controle do Espaço Aéreo (DECEA) / Comando da Aeronáutica,"Consulta de condições atmosféricas, apoio a estudos meteorológicos e avaliação de séries ou produtos somente quando a disponibilidade e a proveniência forem confirmadas no nível do dado.","Portal orientado à meteorologia aeronáutica operacional; a rota pública ainda não foi recertificada como download, API ou página específica de dataset. Não tratar a homepage como distribuição de dados.",documentação oficial,https://redemet.decea.mil.br/,"A identidade institucional e a URL oficial sustentam a inclusão conservadora como fonte/plataforma; produtos, formatos e rotas de obtenção permanecem pendentes de recertificação externa.",https://redemet.decea.mil.br/,2026-09-30
DR0137,RESOLVE Ecoregions 2017,RESOLVE Ecoregions,Regionalização biogeográfica terrestre global RESOLVE — edição 2017,"Conjunto vetorial de 846 ecorregiões terrestres, agrupadas em 14 biomas globais e oito reinos biogeográficos, incluindo a classificação Nature Needs Half (NNH).",https://ecoregions.appspot.com/,https://storage.googleapis.com/teow2016/Ecoregions2017.zip,Biodiversidade e Conservação | Ciências Ambientais e Ecologia | Sensoriamento Remoto e Geoinformação,ecorregiões | biodiversidade | conservação | geoinformação | biomas globais | regionalização biogeográfica | vegetação,base biogeográfica de referência | polígonos de ecorregiões | classificação de conservação,Shapefile ZIP | vetor no Earth Engine,mapa interativo | geovisualização,global — ecorregiões terrestres; inclui Brasil,sim,"polígonos de ecorregiões; escala variável, sem resolução raster uniforme",edição cartográfica publicada em 2017; indicador NNH usa insumos históricos,base territorial estática; não constitui série temporal,RESOLVE | limites de ecorregiões | áreas protegidas | Global Forest Change | Anthropogenic Biomes,sim,Shapefile ZIP público por download direto; análise via Earth Engine exige cadastro e condições próprias.,sim,HTTPS download | Google Earth Engine FeatureCollection,parcial,https://developers.google.com/earth-engine/datasets/catalog/RESOLVE_ECOREGIONS_2017,CC BY 4.0 (dataset RESOLVE Ecoregions 2017),iniciativa científica e de conservação,RESOLVE Biodiversity and Wildlife Solutions; distribuição também pelo Google Earth Engine,"Delimitação de unidades biogeográficas para estudos de biodiversidade, conservação, restauração e análises espaciais comparadas no Brasil e no mundo.","Os 14 biomas globais RESOLVE não equivalem diretamente aos seis biomas IBGE. NNH descreve uma avaliação histórica, não a conservação atual. SHAPE_AREA em graus quadrados não equivale a km²; confirmar geometria/versão antes de calcular áreas.",artigo revisado por pares,https://doi.org/10.1093/biosci/bix014,"Dinerstein et al. (2017) descrevem a regionalização de 846 ecorregiões e sua abordagem de conservação; o DOI identifica o artigo, não um DOI próprio da distribuição geoespacial.",https://ecoregions.appspot.com/,2026-10-08
DR0138,Global Safety Net — GSN3.1,Global Safety Net,"Global Safety Net — plataforma de análise geoespacial de biodiversidade e conservação, versão GSN3.1","Visualizador e plataforma analítica global para explorar áreas prioritárias à biodiversidade e aos serviços ecossistêmicos, cobertura da terra e situação de conservação, com estatísticas por país ou polígono e exportação CSV.",https://www.globalsafetynet.app/,https://www.globalsafetynet.app/viewer/,Biodiversidade e Conservação | Ciências Ambientais e Ecologia | Sensoriamento Remoto e Geoinformação,biodiversidade | conservação | serviços ecossistêmicos | cobertura da terra | áreas protegidas | territórios indígenas | geoinformação | carbono,mapas de prioridade ecológica | estatísticas de conservação | dados espaciais associados,CSV de estatísticas exportadas | formatos de camadas geoespaciais a confirmar,mapa interativo | análise por polígono | painel estatístico,global — análise por país e área selecionada; inclui Brasil,sim,varia conforme a camada/versão; não generalizar 90 m a todos os insumos,compilação GSN3.1; data de referência varia conforme insumo e camada,indicadores de referência; periodicidade e comparabilidade temporal a confirmar,camadas científicas integradas pelo Global Safety Net | Nature Data Lab | One Earth e colaboradores,parcial,O visualizador permite exportar estatísticas por país e área personalizada em CSV. A obtenção de camadas geoespaciais individuais depende do inventário e das condições do repositório oficial; API pública não confirmada.,desconhecido,HTTPS | exportação CSV na interface; API não documentada,desconhecido,https://www.globalsafetynet.app/science/,licenças das camadas GSN3.1 não verificadas individualmente; consultar os termos e os arquivos originais,iniciativa científica internacional,Global Safety Net / One Earth / Nature Data Lab; proveniência varia por camada,"Analisar prioridades espaciais de conservação, lacunas de proteção, cobertura da terra e indicadores ecológicos em recortes do Brasil e outros territórios.",Mapa composto e exportação CSV não equivalem a download de todas as camadas. A metodologia e a licença podem variar por insumo/versão; não converter estatísticas GSN em indicador oficial brasileiro de unidades de conservação. API pública ainda não confirmada.,documentação oficial,https://www.naturedatalab.org/projects/global-safety-net-v3,"Nature Data Lab descreve a plataforma GSN3; as capturas do GSN3.1 mostram seleção de país, análise por polígono e botão Export CSV. Ainda falta auditoria por camada, licença, data de insumo e possível API.",https://www.globalsafetynet.app/viewer/,2026-10-08
DR0139,Carbon Mapper — portal de emissões CH4 e CO2,Carbon Mapper,Carbon Mapper Data Portal e Data Platform — observações de plumas e fontes emissoras,"Geovisualizador global de plumas e fontes de emissões concentradas de metano e dióxido de carbono, com observações de sensores satelitais e aerotransportados; fornece produtos científicos e serviços REST/STAC.",https://data.carbonmapper.org/,https://data.carbonmapper.org/,Clima e Ciências Atmosféricas | Ciências Ambientais e Ecologia | Sensoriamento Remoto e Geoinformação,metano | CH4 | CO2 | emissões | plumas | carbono | gases de efeito estufa | geoinformação,detecções de plumas | agrupamentos de fontes emissoras | imagens e produtos de concentração atmosférica,GeoJSON | dados geoespaciais e imagens conforme produto e serviço,mapa interativo | geovisualização | filtros geográficos e temporais,global; observações pontuais disponíveis no Brasil,sim,variável por instrumento e produto; ID de agrupamento pode codificar raio espacial,observações de sensores desde o início de cada missão; consulta dinâmica,"por cena e aquisição; atualizações operacionais, não série anual uniforme",Tanager | EMIT | observações aerotransportadas | produtos derivados Carbon Mapper,parcial,"Consulta pública ao mapa e downloads/extrações de produtos sujeitos aos Termos de Uso Carbon Mapper; finalidade não comercial de mitigação, atribuição e restrições de redistribuição. API pode exigir registro ou limites de requisição.",sim,STAC API | REST API | HTTPS,parcial,https://api.carbonmapper.org/api/v1/docs,"Termos próprios Carbon Mapper (2026-01-13): uso não comercial para finalidade definida, atribuição e condições de redistribuição; não presumir CC BY.",organização sem fins lucrativos,"Carbon Mapper, Inc.; produtos de diferentes provedores e sensores","Analisar fontes pontuais e plumas de CH4/CO2, emissões e incertezas, distribuição territorial e observações no Brasil; usar timestamps e status individualmente.","Emissão por pluma representa estimativa na passagem observada, não emissão anual. Ausência de detecção não comprova ausência de emissão. Identificação setorial não prova responsabilidade de instalação específica; avaliar algoritmo, vento, qualidade, data e incerteza.",documentação técnica oficial,https://carbonmapper.org/articles/product-guide,"Guia técnico do Carbon Mapper descreve L2/L3/L4/L5, REST/STAC e acesso; Termos de Uso de 13/01/2026 definem licença não comercial.",https://carbonmapper.org/data,2026-10-08
DR0140,Global Human Modification v3 — The Nature Conservancy,GHM v3,Global Human Modification v3 (1990–2022) — modelagem de pressões humanas cumulativas em ecossistemas,"Coleções raster globais de modificação humana, índice combinado e oito classes de ameaças; série comparável 1990–2020 a 300 m e fotografia 2022 com produto 90 m no Earth Engine e arquivos COG a 300 m no Zenodo.",https://www.naturedatalab.org/projects/mapping-the-extent-of,https://zenodo.org/records/16907328,Ciências Ambientais e Ecologia | Biodiversidade e Conservação | Sensoriamento Remoto e Geoinformação,pressão antrópica | uso da terra | fragmentação | modificação humana | degradação | biodiversidade | geoinformação | vegetação,raster de índice de modificação humana | classes de ameaças | série temporal geoespacial,Cloud Optimized GeoTIFF | Earth Engine ImageCollection | ZIP de estatísticas,mapas raster | geovisualização via Earth Engine,global terrestre exceto Antártica; inclui Brasil,sim,300 m (COG séries 1990–2020 e 2022 Zenodo); 90 m (snapshot 2022 Earth Engine),1990 | 1995 | 2000 | 2005 | 2010 | 2015 | 2020; snapshot 2022,quinquenal na série 1990–2020; snapshot 2022 não diretamente comparável,satélites | cobertura da terra | ameaças IUCN | modelagem de modificação humana | The Nature Conservancy,sim,Arquivos GeoTIFF de centenas de MB a GB no Zenodo; coleção global completa grande. Earth Engine requer conta e configuração; avaliar armazenamento/custos de transferência.,sim,HTTPS download | Zenodo REST API | Google Earth Engine,parcial,https://developers.google.com/earth-engine/datasets/catalog/TNC_HM_v3_90m_s,CC BY 4.0 indicada no catálogo Earth Engine; verificar licença e atribuição por distribuição Zenodo.,iniciativa científica,The Nature Conservancy; David M. Theobald e colaboradores; distribuição Zenodo e Google Earth Engine,"Mensurar pressão humana acumulada, ameaças ecológicas e mudanças territoriais no Brasil; cruzar com ecorregiões RESOLVE e áreas de importância ecológica do GSN.","Produto 2022 da série 's' usa insumos e modelo atualizados, não devendo ser comparado diretamente à série 1990–2020 'c'; 90 m não é a resolução dos arquivos globais disponibilizados no Zenodo (300 m). Modelo não mede diretamente integridade ecológica.",artigo revisado por pares,https://doi.org/10.1038/s41597-025-04892-2,"Theobald et al. (2025), Scientific Data. Versão do depósito Zenodo 1990–2020 10.5281/zenodo.16907328; depósito separado de 2022 10.5281/zenodo.14502573.",https://zenodo.org/records/16907328,2026-10-08
DR0141,Planet Forest Carbon — Diligence e Monitoring,Planet Forest Carbon,Planetary Variables: Forest Carbon Diligence (30 m) e Forest Carbon Monitoring (3 m),"Família de produtos raster comerciais para cobertura do dossel, altura da vegetação e densidade de carbono acima do solo, com estimativas de incerteza. Diligence é anual desde 2013; Monitoring oferece observações trimestrais a 3 m.",https://docs.planet.com/data/planetary-variables/forest-carbon-diligence/,https://docs.planet.com/data/planetary-variables/forest-carbon-monitoring/version/,"Agricultura, Florestas e Uso da Terra | Ciências Ambientais e Ecologia | Sensoriamento Remoto e Geoinformação",carbono | carbono florestal | altura do dossel | cobertura florestal | vegetação | biomassa | desmatamento | sensoriamento remoto,raster de carbono acima do solo | altura do dossel | cobertura do dossel | estimativas de incerteza,raster geoespacial por assinatura | formatos de entrega conforme Subscriptions API,mapas raster | geovisualização em SIG mediante acesso autorizado,global (limites latitudinais definidos por produto); inclui Brasil,sim,"Diligence: 30 m; Monitoring: 3 m para entregas, com suporte mínimo de carbono também a 30 m","Diligence: anual desde 2013; Monitoring: trimestres desde 2021, sujeito à edição e cobertura",anual | trimestral,Planet | Sentinel-2 | Landsat | GEDI | LiDAR aerotransportado | modelos de aprendizado de máquina,não,Produto contratado com credencial/API key Planet e autorização à camada; extração pelo serviço Subscriptions API para AOI e intervalo temporal autorizados. Documentação pública não concede acesso gratuito aos rasters.,sim,Planet Subscriptions API | HTTPS autenticado,sim,https://docs.planet.com/develop/apis/subscriptions/,licença comercial/contratual Planet; depende do plano e produto,empresa privada,Planet Labs PBC; insumos de parceiros científicos e fontes externas,"Analisar variação da cobertura e altura de árvores e estimativas de carbono florestal no Brasil conforme licença e validação, preservando escalas e métricas de incerteza.","A página sobre carbono no Peru é estudo histórico, não distribuição das coleções atuais. Raster ACD reamostrado a 3 m não equivale a mensuração independente nessa escala; Diligence e Monitoring têm modelos, versões e cadências distintos. Requer assinatura.",documentação técnica oficial,https://docs.planet.com/data/planetary-variables/forest-carbon-monitoring/techspec/,"Documentação Planet confirma cobertura, resoluções, unidades, incertezas e via Subscriptions API. Projeto histórico Peru (Csillik et al. 2019) é apenas referência relacionada.",https://docs.planet.com/data/planetary-variables/forest-carbon-diligence/,2026-10-08
DR0142,Climate Finance Tracker — One Earth e Vibrant Data Labs,Climate Finance Tracker,Climate Finance Tracker (CFT) — visualização de organizações e fluxos de financiamento climático nos Estados Unidos,"Ferramenta interativa de exploração de organizações e financiamento para mitigação/adaptação climática, com agrupamentos temáticos por linguagem, filtros e modo geográfico por localização de escritórios; referência comparativa centrada nos EUA.",https://oneearth.climatefinancetracker.com/,https://oneearth.climatefinancetracker.com/,Planejamento Territorial e Políticas Públicas | Clima e Ciências Atmosféricas | Infraestruturas e Ciência de Dados,financiamento climático | investimentos | adaptação | mitigação | organizações | Estados Unidos | economia ambiental,visualização interativa de financiamento | perfis de organizações | indicadores agregados,visualização web; dados brutos indisponíveis para exportação,dashboard interativo | agrupamentos temáticos | visualização geográfica por escritórios,Estados Unidos (organizações sediadas nos EUA); referência comparativa sem cobertura brasileira demonstrada,não,pontos/localizações de escritórios; não representa polígonos ambientais,janela móvel de financiamento conforme regras do instrumento; data e versão de corte não verificadas,agregação variável; não inferir série temporal uniforme,Crunchbase | Candid | LinkedIn | perfis corporativos | classificação temática por aprendizado de máquina,não,"Consulta pública à visualização, mas sem exportação de dados brutos; Crunchbase e Candid não autorizaram redistribuição da base. Uso como referência comparativa, não dataset aberto.",não,HTTPS visualizador web; API pública para extração não documentada,desconhecido,https://www.climatefinancetracker.com/faq,dados proprietários de Crunchbase e Candid; o código aberto não transfere licença dos dados,iniciativa de análise e visualização,Vibrant Data Labs; One Earth; bases de Crunchbase e Candid,"Explorar, de forma comparativa, padrões de financiamento e temas de organizações ligadas ao clima nos EUA e discutir limites de interpretação de visualizações de financiamento.","Sem exportação de dados brutos segundo FAQ do próprio projeto; amostra não exaustiva de organizações sediadas nos EUA e geolocalização baseada em escritórios, não em área de impacto de projetos. Não usar como dado territorial brasileiro nem estatística global de financiamento.",documentação oficial,https://www.climatefinancetracker.com/faq,"FAQ documenta ausência de exportação por licenças Crunchbase/Candid, amostragem de organizações norte-americanas e modo geográfico. One Earth descreve parceria com Vibrant Data Labs.",https://www.oneearth.org/who-we-fund/science-policy-grants/climate-finance-tracker/,2026-10-08
