product_id,resource_id,product_name,product_acronym,product_family,product_kind,product_description,research_areas,keywords,geographic_coverage,covers_brazil,spatial_support,spatial_resolution,temporal_coverage,temporal_resolution,update_frequency,product_status,version_or_collection,enumeration_scope,product_page_url,methodology_url,primary_or_derived,limitations,last_verified
DP000001,DR0011,PRODES — monitoramento anual da supressão de vegetação nativa,PRODES,monitoramento de supressão de vegetação,dataset_series,"Série oficial de mapeamento anual da supressão de vegetação nativa disponibilizada por bioma, Amazônia Legal e consolidações nacionais conforme o produto.",Land use and land cover | Forest ecology | Conservation | Remote sensing,deforestation | native vegetation | annual monitoring | biomes,Brasil — biomas brasileiros e Amazônia Legal conforme produto,sim,polígono vetorial | célula raster,"varia por bioma, edição e arquivo; consultar metadados",séries anuais; início varia por bioma,anual,anual,ativo,atualização publicada em 2026-03-03,family_level,https://terrabrasilis.dpi.inpe.br/downloads/,https://data.inpe.br/big/web/biomasbr/,derivado,"As classes, períodos, área mínima mapeável e resolução não devem ser generalizados entre biomas; arquivos foram atualizados em 2026-03-03.",2026-07-22
DP000002,DR0011,DETER Amazônia — avisos de alteração da cobertura vegetal,DETER Amazônia,alertas de alteração da cobertura vegetal,dataset_series,"Avisos operacionais para apoio à fiscalização e monitoramento de alterações na cobertura vegetal na Amazônia, distintos do mapeamento anual consolidado do PRODES.",Forest ecology | Conservation | Remote sensing | Environmental monitoring,alerts | deforestation | degradation | Amazon,Amazônia brasileira,sim,polígono vetorial,"depende do sensor, classe e versão; consultar documentação",série operacional; período conforme coleção,evento/alerta,operacional,ativo,coleção corrente,family_level,https://terrabrasilis.dpi.inpe.br/downloads/,https://data.inpe.br/big/web/biomasbr/,derivado,Aviso operacional não equivale automaticamente à taxa anual de desmatamento; classes e validação devem ser preservadas.,2026-07-22
DP000003,DR0011,DETER Cerrado — avisos de alteração da cobertura vegetal,DETER Cerrado,alertas de alteração da cobertura vegetal,dataset_series,"Avisos operacionais de alterações na cobertura vegetal do Cerrado, publicados separadamente dos resultados anuais do PRODES.",Savanna ecology | Conservation | Remote sensing | Environmental monitoring,alerts | deforestation | degradation | Cerrado,Cerrado brasileiro,sim,polígono vetorial,"depende do sensor, classe e versão; consultar documentação",série operacional; período conforme coleção,evento/alerta,operacional,ativo,coleção corrente,family_level,https://terrabrasilis.dpi.inpe.br/downloads/,https://data.inpe.br/big/web/biomasbr/,derivado,"Avisos não devem ser somados ou comparados a produtos anuais sem harmonizar definição, janela temporal e classe.",2026-07-22
DP000004,DR0011,DETER Pantanal — avisos experimentais,DETER Pantanal,alertas experimentais de alteração da cobertura vegetal,dataset_series,"Avisos experimentais para o Pantanal, disponibilizados desde 2023 e sujeitos a testes, ajustes e alterações parciais ou integrais.",Wetland ecology | Conservation | Remote sensing | Environmental monitoring,alerts | vegetation change | Pantanal | experimental,Pantanal brasileiro,sim,polígono vetorial,consultar documentação experimental,2023–presente conforme disponibilidade,evento/alerta,operacional,experimental,produto experimental desde 2023,family_level,https://terrabrasilis.dpi.inpe.br/downloads/,https://data.inpe.br/big/web/biomasbr/,derivado,Produto explicitamente experimental; versões podem mudar e não devem ser tratadas como série estável sem arquivamento da edição usada.,2026-07-22
DP000005,DR0011,TerraClass Amazônia 2020,TerraClass 2020,uso e cobertura da terra em áreas desflorestadas,dataset,Mapeamento de uso e cobertura da terra disponibilizado no agrupamento Amazônia do TerraBrasilis para o ano de referência 2020.,Land use and land cover | Landscape ecology | Remote sensing,land use | land cover | Amazon | TerraClass,Amazônia brasileira conforme produto,sim,polígono vetorial | célula raster,consultar metadados do produto,2020,instantâneo anual,por edição,ativo,2020,complete,https://terrabrasilis.dpi.inpe.br/downloads/,https://data.inpe.br/big/web/biomasbr/,derivado,"A unidade de análise, legenda, máscara territorial e relação com desmatamento prévio devem ser consultadas na metodologia.",2026-07-22
DP000006,DR0011,Vegetação secundária — produtos por bioma,Vegetação Secundária,mapeamento de vegetação secundária,dataset_series,"Mapeamentos de vegetação secundária disponibilizados para diferentes biomas, com cobertura e períodos específicos por produto.",Restoration ecology | Vegetation dynamics | Land use and land cover | Remote sensing,secondary vegetation | regrowth | succession | biomes,biomas brasileiros conforme disponibilidade,sim,polígono vetorial | célula raster,varia por bioma e edição,varia por bioma e edição,por edição,irregular,ativo,coleções por bioma,family_level,https://terrabrasilis.dpi.inpe.br/downloads/,https://data.inpe.br/big/web/biomasbr/,derivado,"Não pressupor equivalência metodológica, resolução ou período entre biomas; verificar cada coleção.",2026-07-22
DP000007,DR0011,Serviços interoperáveis TerraBrasilis,TerraBrasilis Web Services,serviços geoespaciais interoperáveis,data_service,"Serviços de visualização, feições, coberturas e catálogo para acesso interoperável a camadas publicadas no TerraBrasilis.",Geospatial information science | Remote sensing | Environmental monitoring,WMS | WFS | WCS | CSW | INDE,variável conforme camada,sim,serviço geoespacial,herdada da camada consultada,variável,variável,conforme camada,ativo,serviços correntes,external_index,https://terrabrasilis.dpi.inpe.br/en/data-access/,https://terrabrasilis.dpi.inpe.br/en/data-access/,serviço,"Disponibilidade de endpoint, camada, versão e licença deve ser verificada por serviço; o serviço não altera a resolução científica do produto.",2026-07-22
DP000008,DR0019,Earth Engine Public Data Catalog,GEE Public Data Catalog,catálogo público de dados de Ciências da Terra,catalog,"Catálogo público com datasets raster e vetoriais de sensoriamento remoto, clima, atmosfera, terreno, cobertura da terra, fogo, água e outros temas, importáveis no ambiente Earth Engine.",Earth and environmental sciences | Remote sensing | Climate science | Ecology,raster | vector | satellite | climate | land cover | fire | water,global e regional conforme dataset,sim,catálogo de coleções raster e vetoriais,varia por dataset,varia por dataset,varia por dataset,varia por dataset,ativo,catálogo corrente,external_index,https://developers.google.com/earth-engine/datasets/catalog,https://developers.google.com/earth-engine/datasets/catalog,agregador,"Google não é necessariamente o produtor; licença, versão, resolução, cobertura e citação devem ser herdadas do registro do dataset e do provedor.",2026-07-22
DP000009,DR0019,Earth Engine Publisher Data Catalogs,GEE Publisher Catalogs,catálogos geridos por publicadores,federated_catalog,"Coleções de catálogos no Earth Engine geridas por organizações publicadoras, cuja curadoria e responsabilidade permanecem com cada publicador.",Earth and environmental sciences | Remote sensing | Data publishing,publisher catalog | federated data | Earth Engine,variável conforme publicador,sim,catálogo federado,varia por dataset,varia por publicador e dataset,varia por dataset,varia por dataset,ativo,catálogos correntes,external_index,https://developers.google.com/earth-engine/datasets/publisher,https://developers.google.com/earth-engine/datasets/publisher,agregador,Não atribuir curadoria ou responsabilidade integral ao Google; registrar publicador e licença por dataset.,2026-07-22
DP000010,DR0019,Earth Engine Processing and Export Service,Earth Engine,processamento e exportação em nuvem,data_service,"Serviço de computação geoespacial para consulta, processamento, visualização e exportação de dados por Code Editor, bibliotecas cliente, linha de comando e REST API.",Geospatial computing | Remote sensing | Environmental data science,cloud processing | JavaScript | Python | REST API | export,não se aplica; depende do dataset,sim,serviço de processamento,definida no processamento e no dataset,não se aplica,não se aplica,serviço contínuo,ativo,acesso via projetos Google Cloud,complete,https://developers.google.com/earth-engine/guides/access,https://developers.google.com/earth-engine/guides/access,serviço,"Exige projeto Google Cloud com API habilitada e registro comercial ou não comercial; quotas, elegibilidade e custos dependem do nível de uso.",2026-07-22
DP000011,DR0019,Dynamic World V1 — Google/WRI,Dynamic World,uso e cobertura da terra quase em tempo real,dataset_series,"Produto global de uso e cobertura da terra a 10 m produzido pelo Google e World Resources Institute a partir de imagens Sentinel-2 L1C elegíveis, com rótulo top-1 e nove bandas de probabilidade por pixel.",Land use and land cover | Remote sensing | Environmental monitoring | Geospatial machine learning,land cover | land use | near real time | Sentinel-2 | class probabilities | change detection,global,sim,célula raster | coleção de imagens,10 m,2015-06-27–presente,"por aquisição Sentinel-2 elegível; revisita nominal de 2–5 dias",quase em tempo real,ativo,V1 | asset GOOGLE/DYNAMICWORLD/V1,representative_sample,https://developers.google.com/earth-engine/datasets/catalog/GOOGLE_DYNAMICWORLD_V1,https://doi.org/10.1038/s41597-022-01307-4,derivado,"O rótulo top-1 não deve ser tratado como verdade territorial sem avaliar probabilidades, nuvens, contexto temporal e desempenho regional. Recomenda-se limiar de probabilidade e validação local; estatísticas de área exigem referência amostral e correção de viés.",2026-08-03
DP000012,DR0015,Geologia 1:250.000,Geologia 1:250.000,Mapeamento de Recursos Naturais — Geologia,dataset_series,"Cartas e bases de dados espaciais do mapeamento geológico do Brasil compatíveis com a escala 1:250.000, estruturadas e padronizadas para uso em Sistemas de Informação Geográfica.",Geosciences | Geology | Environmental mapping | GIS,geologia | recursos naturais | cartografia temática | SIG,Brasil,sim,cartas temáticas | base espacial digital,escala cartográfica 1:250.000,levantamentos e revisões do Mapeamento de Recursos Naturais; consultar edição,não se aplica,bienal no BDiA,ativo,MRN 1:250.000 — metodologia versão 2025,family_level,https://www.ibge.gov.br/geociencias/informacoes-ambientais/geologia/15822-,https://www.ibge.gov.br/geociencias/informacoes-ambientais/geologia/23382-banco-de-informacoes-ambientais.html,derivado,"A escala 1:250.000 não implica precisão cadastral ou adequação a análises locais; registrar a edição e o recorte efetivamente usados.",2026-08-14
DP000013,DR0015,Geomorfologia 1:250.000,Geomorfologia 1:250.000,Mapeamento de Recursos Naturais — Geomorfologia,dataset_series,"Cartas e bases de dados espaciais sobre formas, compartimentos e classificação do relevo brasileiro compatíveis com a escala 1:250.000, estruturadas para uso em SIG.",Geosciences | Geomorphology | Environmental mapping | GIS,geomorfologia | relevo | recursos naturais | cartografia temática | SIG,Brasil,sim,cartas temáticas | base espacial digital,escala cartográfica 1:250.000,levantamentos e revisões do Mapeamento de Recursos Naturais; consultar edição,não se aplica,bienal no BDiA,ativo,MRN 1:250.000 — metodologia versão 2025,family_level,https://www.ibge.gov.br/geociencias/informacoes-ambientais/geomorfologia/10870-geomorfologia.html,https://www.ibge.gov.br/geociencias/informacoes-ambientais/geologia/23382-banco-de-informacoes-ambientais.html,derivado,"A escala 1:250.000 e a generalização cartográfica precisam ser consideradas; registrar edição, recorte e unidade de mapeamento usados.",2026-08-14
DP000014,DR0015,Pedologia 1:250.000,Pedologia 1:250.000,Mapeamento de Recursos Naturais — Pedologia,dataset_series,"Cartas e bases de dados espaciais de solos do Brasil compatíveis com a escala 1:250.000, estruturadas e padronizadas para análise e uso em Sistemas de Informação Geográfica.",Soil science | Geosciences | Environmental mapping | GIS,pedologia | solos | recursos naturais | cartografia temática | SIG,Brasil,sim,cartas temáticas | base espacial digital,escala cartográfica 1:250.000,levantamentos e revisões do Mapeamento de Recursos Naturais; consultar edição,não se aplica,bienal no BDiA,ativo,MRN 1:250.000 — metodologia versão 2025,family_level,https://www.ibge.gov.br/geociencias/informacoes-ambientais/pedologia/10871-pedologia.html,https://www.ibge.gov.br/geociencias/informacoes-ambientais/geologia/23382-banco-de-informacoes-ambientais.html,derivado,"Classes e limites pedológicos devem ser interpretados na escala de produção; registrar edição, recorte e legenda efetivamente usados.",2026-08-14
DP000015,DR0015,Vegetação 1:250.000,Vegetação 1:250.000,Mapeamento de Recursos Naturais — Vegetação,dataset_series,"Cartas e bases de dados espaciais que identificam e classificam a vegetação brasileira, atual e pretérita, compatíveis com a escala 1:250.000 e estruturadas para uso em SIG.",Vegetation science | Ecology | Environmental mapping | GIS,vegetação | fitofisionomia | recursos naturais | cartografia temática | SIG,Brasil,sim,cartas temáticas | base espacial digital,escala cartográfica 1:250.000,levantamentos e revisões do Mapeamento de Recursos Naturais; consultar edição,não se aplica,bienal no BDiA,ativo,MRN 1:250.000 — metodologia versão 2025,family_level,https://www.ibge.gov.br/geociencias/informacoes-ambientais/vegetacao/22453-,https://www.ibge.gov.br/geociencias/informacoes-ambientais/geologia/23382-banco-de-informacoes-ambientais.html,derivado,"A classificação e a representação cartográfica devem ser interpretadas conforme legenda, edição e escala; não confundir com mapas de cobertura e uso da terra de outras séries.",2026-08-14
DP000016,DR0015,Grade Estatística de Dados Ambientais,Grade Ambiental,integração ambiental em grade,dataset,"Módulo experimental do BDiA que integra informações ambientais e territoriais em grade estatística para consulta, combinação, visualização e geração de estatísticas em múltiplos recortes do território nacional.",Environmental science | Geospatial information science | Ecology | Territorial analysis,grade estatística | geologia | geomorfologia | pedologia | vegetação | biomas | uso da terra | biodiversidade,Brasil,sim,célula de grade estatística,"múltiplas resoluções; produto inclui arquivos de 500 m e deve ser consultado por edição",2023–presente conforme edições,não se aplica,bienal,experimental,versão 2025,complete,https://www.ibge.gov.br/geociencias/informacoes-ambientais/estudos-ambientais/38252-grade-estatistica-de-dados-ambientais.html,https://www.ibge.gov.br/geociencias/informacoes-ambientais/estudos-ambientais/38252-grade-estatistica-de-dados-ambientais.html,derivado,"Produto experimental: considerar a escala de referência de cada insumo e a generalização causada pela discretização e agregação. A versão 2023 teve correção oficial de arquivos de 500 m em 2024; usar a edição atual e verificar erratas.",2026-08-14
DP000017,DR0052,Suscetibilidade a Deslizamentos do Brasil — primeira aproximação,Suscetibilidade a Deslizamentos,Macrocaracterização dos Recursos Naturais do Brasil,map_layer_collection,"Primeira aproximação nacional do IBGE para reconhecimento de áreas com diferentes níveis de suscetibilidade a deslizamentos, construída com bases de geologia, geomorfologia, pedologia, vegetação, uso e cobertura da terra e fontes externas.",Geosciences | Geomorphology | Environmental risk | Territorial planning,deslizamentos | suscetibilidade | geomorfologia | risco | Brasil,Brasil,sim,célula raster | polígonos derivados | mapa nacional,compatível com escala 1:1.000.000,2019 (publicação),não se aplica,por edição,ativo,Primeira aproximação | 2019,complete,https://www.ibge.gov.br/geociencias/informacoes-ambientais/geomorfologia/24252-macrocaracterizacao-dos-recursos-naturais-do-brasil.html?edicao=26063,https://www.ibge.gov.br/geociencias/informacoes-ambientais/geomorfologia/24252-macrocaracterizacao-dos-recursos-naturais-do-brasil.html?edicao=26063,derivado,"Produto de macroescala e caráter informativo; o IBGE explicita que não deve ser usado para planejamento ou gestão local, obras de engenharia ou como substituto de mapeamentos detalhados.",2026-08-14
DP000018,DR0052,Potencialidade Agrícola Natural das Terras,Potencialidade Agrícola,Macrocaracterização dos Recursos Naturais do Brasil,map_layer_collection,"Mapeamento nacional que integra classes de solos e relevo para classificar as terras em cinco categorias de potencialidade e limitação ao uso agrícola, com distribuições e estatísticas nacionais e regionais.",Soil science | Agriculture | Environmental planning | Geospatial analysis,potencialidade agrícola | solos | relevo | uso agrícola | Brasil,Brasil,sim,polígonos | mapa nacional | estatísticas territoriais,maior escala de análise que o mapa de 2010; consultar metodologia da edição,2022 (publicação),não se aplica,por edição,ativo,Macrocaracterização — Potencialidade Agrícola | 2022,complete,https://www.ibge.gov.br/geociencias/informacoes-ambientais/estudos-ambientais/24252-macrocaracterizacao-dos-recursos-naturais-do-brasil.html,https://www.ibge.gov.br/geociencias/informacoes-ambientais/estudos-ambientais/24252-macrocaracterizacao-dos-recursos-naturais-do-brasil.html,derivado,"A interpretação depende da metodologia, das classes de solos e relevo e da escala de análise; não extrapolar para aptidão agrícola operacional sem considerar fatores não representados no produto.",2026-08-14
DP000019,DR0052,Subprovíncias Estruturais do Brasil,Subprovíncias Estruturais,Macrocaracterização dos Recursos Naturais do Brasil,map_layer_collection,"Compartimentação geotectônica do Brasil em 97 subprovíncias estruturais, detalhando as províncias estruturais e representando espacialmente eventos da evolução geológica nacional.",Geology | Tectonics | Geospatial analysis | Environmental planning,subprovíncias estruturais | geologia | tectônica | regionalização | Brasil,Brasil,sim,polígonos | mapa nacional,escala 1:250.000,2020 (publicação),não se aplica,por edição,ativo,Macrocaracterização — Subprovíncias Estruturais | 2020,complete,https://www.ibge.gov.br/geociencias/informacoes-ambientais/estudos-ambientais/24252-macrocaracterizacao-dos-recursos-naturais-do-brasil.html?edicao=28282&t=acesso-ao-produto,https://www.ibge.gov.br/geociencias/informacoes-ambientais/estudos-ambientais/24252-macrocaracterizacao-dos-recursos-naturais-do-brasil.html?edicao=28282,derivado,"A regionalização sintetiza modelos geotectônicos disponíveis e reflete heterogeneidade do conhecimento geológico; o próprio estudo reconhece questões ainda não esclarecidas em partes do território, especialmente na Amazônia.",2026-08-14
DP000020,DR0053,"API de Pesquisas — consultas de pesquisas, indicadores e resultados",API de Pesquisas v1,Serviço de Dados do IBGE,data_service,"Serviço REST para listar pesquisas, períodos e indicadores e consultar resultados e rankings por localidades e parâmetros documentados.",Data science | Official statistics | Public policy,API | pesquisas | indicadores | resultados | localidades | IBGE,Brasil; varia conforme pesquisa e localidade,sim,unidades territoriais e localidades definidas por pesquisa,varia conforme pesquisa e localidade,varia conforme pesquisa,varia conforme pesquisa,serviço continuamente enriquecido e validado conforme documentação,ativo,API de Pesquisas 1.0.0,complete,https://servicodados.ibge.gov.br/api/docs/pesquisas,https://servicodados.ibge.gov.br/api/docs/pesquisas,serviço,"Não representa uma única pesquisa nem um conjunto homogêneo; cobertura, periodicidade, conceito e unidade territorial devem ser herdados da pesquisa e do indicador consultados.",2026-08-14
DP000021,DR0054,Catálogo de Metadados Geográficos do IBGE,GeoNetwork IBGE,Metadados geográficos do IBGE,catalog,Índice institucional de descoberta de registros de metadados e informação georreferenciada do IBGE em interface GeoNetwork.,Geospatial information science | Data infrastructure | Geosciences,metadados | catálogo | geoinformação | GeoNetwork | IBGE,varia conforme registro; inclui Brasil,sim,metadados de recursos georreferenciados,herdada do recurso descrito,herdada do recurso descrito,herdada do recurso descrito,varia conforme publicação de registros,ativo,catálogo corrente,external_index,https://metadadosgeo.ibge.gov.br/geonetwork_ibge/srv/por/catalog.search#/home,,agregador,"O catálogo é índice de descoberta; não generalizar licença, formato, escala, atualização ou acesso de um registro para os demais. Endpoints programáticos não foram afirmados sem documentação oficial nesta rodada.",2026-08-14
DP000022,DR0055,Catálogo de Soluções OICS,Soluções OICS,Soluções urbanas sustentáveis,catalog,"Catálogo pesquisável de modelos replicáveis de alternativas sustentáveis para desafios urbanos, organizado por temas, desafios, maturidade, tipo de inovação e Objetivos de Desenvolvimento Sustentável.",Urban sustainability | Nature-based solutions | Public policy | Innovation,soluções urbanas | inovação | sustentabilidade | SbN | ODS | replicabilidade,aplicabilidade territorial variável; foco em cidades brasileiras,sim,região de aplicabilidade e contexto urbano,varia conforme solução,varia conforme registro,não se aplica,irregular,ativo,catálogo corrente,external_index,https://oics.cgee.org.br/solucoes-e-casos/solucoes,https://oics.cgee.org.br/,agregador,"As soluções são produtos de conhecimento aplicado e não medições ambientais intercambiáveis; desempenho, maturidade, aplicabilidade e evidência devem ser avaliados no registro específico.",2026-08-14
DP000023,DR0055,Estudos de Caso OICS,Casos OICS,Aplicações de soluções urbanas sustentáveis,catalog,"Catálogo pesquisável de aplicações práticas de soluções, com contexto territorial, resultados esperados ou observados, orientações de replicação, referências e anexos conforme o caso.",Urban sustainability | Applied environmental science | Public policy | Nature-based solutions,estudos de caso | cidades | soluções | replicabilidade | sustentabilidade | SbN,Brasil e casos internacionais,sim,cidade | estado/província | país | local de aplicação,caso a caso,varia conforme caso,não se aplica,irregular,ativo,catálogo corrente,external_index,https://oics.cgee.org.br/solucoes-e-casos/casos,https://oics.cgee.org.br/,agregador,"Casos variam em contexto, profundidade documental e tipo de evidência; não generalizar resultados ou causalidade entre contextos sem avaliação do caso e das referências citadas.",2026-08-14
DP000024,DR0055,Tipologias territoriais e Mapa Interativo OICS,Mapa OICS,Tipologias territoriais para cidades sustentáveis,indicator_family,"Módulo geográfico que caracteriza cidades-regiões por tipologias construídas a partir de conjuntos de indicadores, dados geográficos e índices e as relaciona a temas e soluções de sustentabilidade urbana.",Urban sustainability | Territorial analysis | Geospatial information science | Public policy,tipologias | indicadores | cidades-regiões | mapa interativo | sustentabilidade urbana,cidades e regiões brasileiras conforme cobertura do módulo,sim,município | cidade-região | unidade territorial do indicador,varia conforme indicador e tipologia,varia conforme indicador,varia conforme indicador,não documentada nesta rodada,ativo,módulo corrente,family_level,https://oics.cgee.org.br/mapa-interativo,https://oics.cgee.org.br/mapa-interativo,derivado,"Tipologias agregam indicadores e índices heterogêneos; interpretar sempre segundo definição, data, unidade territorial e método de cada componente e não como medição ambiental única.",2026-08-14
